name,price,rr
"SAMSUNG Galaxy F04 (Opal Green, 64 GB)","₹8,499","14,340 Ratings & 680 Reviews"
"realme C33 (Sandy Gold, 32 GB)","₹8,999","23,366 Ratings & 969 Reviews"
"SAMSUNG Galaxy F13 (Nightsky Green, 64 GB)","₹10,999","1,42,705 Ratings & 8,205 Reviews"
"realme C33 (Aqua Blue, 64 GB)","₹9,999","68,108 Ratings & 2,944 Reviews"
"realme C33 (Night Sea, 32 GB)","₹8,999","23,366 Ratings & 969 Reviews"
"realme C33 (Sandy Gold, 64 GB)","₹9,999","68,108 Ratings & 2,944 Reviews"
"realme C33 (Aqua Blue, 32 GB)","₹8,999","23,366 Ratings & 969 Reviews"
"realme C33 (Night Sea, 64 GB)","₹9,999","68,108 Ratings & 2,944 Reviews"
"POCO C51 (Royal Blue, 64 GB)","₹7,749","4,747 Ratings & 125 Reviews"
"POCO C51 (Power Black, 64 GB)","₹7,749","4,747 Ratings & 125 Reviews"
"POCO C50 (Royal Blue, 32 GB)","₹6,499","23,030 Ratings & 1,014 Reviews"
"SAMSUNG Galaxy F04 (Jade Purple, 64 GB)","₹8,499","14,340 Ratings & 680 Reviews"
"POCO C55 (Cool Blue, 64 GB)","₹7,999","13,304 Ratings & 681 Reviews"
"REDMI 10 (Midnight Black, 64 GB)","₹9,499","2,22,283 Ratings & 13,776 Reviews"
"POCO C55 (Cool Blue, 128 GB)","₹9,499","8,071 Ratings & 407 Reviews"
"POCO C55 (Power Black, 64 GB)","₹7,999","13,304 Ratings & 681 Reviews"
"SAMSUNG Galaxy F13 (Waterfall Blue, 64 GB)","₹10,999","1,42,705 Ratings & 8,205 Reviews"
"POCO C55 (Power Black, 128 GB)","₹9,499","8,071 Ratings & 407 Reviews"
"POCO C55 (Forest Green, 128 GB)","₹9,499","8,071 Ratings & 407 Reviews"
"REDMI 10 (Caribbean Green, 128 GB)","₹10,999","31,429 Ratings & 2,144 Reviews"
"REDMI 10 (Pacific Blue, 128 GB)","₹10,999","31,429 Ratings & 2,144 Reviews"
"POCO C55 (Forest Green, 64 GB)","₹7,999","13,304 Ratings & 681 Reviews"
"Infinix SMART 7 (Night Black, 64 GB)","₹7,499","18,657 Ratings & 1,038 Reviews"
"Infinix SMART 7 (Emerald Green, 64 GB)","₹7,499","18,657 Ratings & 1,038 Reviews"
"SAMSUNG Galaxy F04 (Opal Green, 64 GB)","₹8,499","14,340 Ratings & 680 Reviews"
"realme C33 (Sandy Gold, 32 GB)","₹8,999","23,366 Ratings & 969 Reviews"
"SAMSUNG Galaxy F13 (Nightsky Green, 64 GB)","₹10,999","1,42,705 Ratings & 8,205 Reviews"
"realme C33 (Night Sea, 64 GB)","₹9,999","68,108 Ratings & 2,944 Reviews"
"realme C33 (Aqua Blue, 32 GB)","₹8,999","23,366 Ratings & 969 Reviews"
"realme C33 (Night Sea, 32 GB)","₹8,999","23,366 Ratings & 969 Reviews"
"realme C33 (Aqua Blue, 64 GB)","₹9,999","68,108 Ratings & 2,944 Reviews"
"realme C33 (Sandy Gold, 64 GB)","₹9,999","68,108 Ratings & 2,944 Reviews"
"POCO C51 (Royal Blue, 64 GB)","₹7,749","4,747 Ratings & 125 Reviews"
"POCO C51 (Power Black, 64 GB)","₹7,749","4,747 Ratings & 125 Reviews"
"POCO C50 (Royal Blue, 32 GB)","₹6,499","23,030 Ratings & 1,014 Reviews"
"SAMSUNG Galaxy F04 (Jade Purple, 64 GB)","₹8,499","14,340 Ratings & 680 Reviews"
"POCO C55 (Cool Blue, 64 GB)","₹7,999","13,304 Ratings & 681 Reviews"
"POCO C55 (Cool Blue, 128 GB)","₹9,499","8,071 Ratings & 407 Reviews"
"POCO C55 (Power Black, 64 GB)","₹7,999","13,304 Ratings & 681 Reviews"
"REDMI 10 (Midnight Black, 64 GB)","₹9,499","2,22,283 Ratings & 13,776 Reviews"
"SAMSUNG Galaxy F13 (Waterfall Blue, 64 GB)","₹10,999","1,42,705 Ratings & 8,205 Reviews"
"POCO C55 (Power Black, 128 GB)","₹9,499","8,071 Ratings & 407 Reviews"
"POCO C55 (Forest Green, 128 GB)","₹9,499","8,071 Ratings & 407 Reviews"
"REDMI 10 (Pacific Blue, 128 GB)","₹10,999","31,429 Ratings & 2,144 Reviews"
"POCO C55 (Forest Green, 64 GB)","₹7,999","13,304 Ratings & 681 Reviews"
"REDMI 10 (Caribbean Green, 128 GB)","₹10,999","31,429 Ratings & 2,144 Reviews"
"Infinix SMART 7 (Azure Blue, 64 GB)","₹7,499","18,657 Ratings & 1,038 Reviews"
"Infinix SMART 7 (Night Black, 64 GB)","₹7,499","18,657 Ratings & 1,038 Reviews"
"Infinix SMART 7 (Emerald Green, 64 GB)","₹7,499","18,657 Ratings & 1,038 Reviews"
"MOTOROLA G32 (Mineral Gray, 128 GB)","₹11,999","9,683 Ratings & 799 Reviews"
"POCO C50 (Royal Blue, 32 GB)","₹6,599","8,359 Ratings & 518 Reviews"
"SAMSUNG Galaxy F14 5G (OMG Black, 128 GB)","₹15,490","7,263 Ratings & 534 Reviews"
"MOTOROLA e13 (Aurora Green, 64 GB)","₹7,499","16,560 Ratings & 1,412 Reviews"
Nokia 105 SS,"₹1,299","40,269 Ratings & 2,737 Reviews"
"SAMSUNG Galaxy F14 5G (GOAT Green, 128 GB)","₹15,490","7,263 Ratings & 534 Reviews"
"realme C33 2023 (Night Sea, 64 GB)","₹9,999","5,544 Ratings & 158 Reviews"
"realme C33 2023 (Sandy Gold, 64 GB)","₹9,999",
"realme C33 2023 (Aqua Blue, 64 GB)","₹9,999",
"Infinix HOT 30i (Mirror Black, 64 GB)","₹8,399","2,211 Ratings & 137 Reviews"
"MOTOROLA G32 (Satin Silver, 128 GB)","₹11,999","9,683 Ratings & 799 Reviews"
"Infinix HOT 30i (Glacier Blue, 128 GB)","₹9,499","8,221 Ratings & 558 Reviews"
"REDMI 10 (Pacific Blue, 64 GB)","₹9,499","2,22,283 Ratings & 13,776 Reviews"
"Infinix HOT 30i (Diamond White, 128 GB)","₹9,499","8,221 Ratings & 558 Reviews"
"Infinix HOT 30i (Glacier Blue, 64 GB)","₹8,399","2,211 Ratings & 137 Reviews"
"POCO C50 (Country Green, 32 GB)","₹6,599","8,359 Ratings & 518 Reviews"
"SAMSUNG Galaxy F13 (Sunrise Copper, 64 GB)","₹10,999","1,42,705 Ratings & 8,205 Reviews"
"vivo T2x 5G (Glimmer Black, 128 GB)","₹15,999","2,559 Ratings & 116 Reviews"
"REDMI A1+ (Light Green, 32 GB)","₹6,299","2,688 Ratings & 101 Reviews"
"vivo T2x 5G (Aurora Gold, 128 GB)","₹15,999","2,559 Ratings & 116 Reviews"
"vivo T2x 5G (Aurora Gold, 128 GB)","₹13,999","15,117 Ratings & 686 Reviews"
"REDMI A1+ (Light Blue, 32 GB)","₹6,299","2,688 Ratings & 101 Reviews"
"Infinix HOT 30i (Mirror Black, 128 GB)","₹9,499","8,221 Ratings & 558 Reviews"
"REDMI A1+ (Light Blue, 32 GB)","₹6,299","2,688 Ratings & 101 Reviews"
"vivo T2x 5G (Marine Blue, 128 GB)","₹15,999","2,559 Ratings & 116 Reviews"
"POCO X5 Pro 5G (Astral Black, 256 GB)","₹24,999","5,611 Ratings & 608 Reviews"
"SAMSUNG Galaxy F13 (Waterfall Blue, 128 GB)","₹11,999","1,42,705 Ratings & 8,205 Reviews"
"POCO M5 (Power Black, 64 GB)","₹9,499","4,252 Ratings & 307 Reviews"
"SAMSUNG Galaxy F14 5G (OMG Black, 128 GB)","₹14,490","3,186 Ratings & 252 Reviews"
"MOTOROLA g13 (Matte Charcoal, 64 GB)","₹9,499","9,144 Ratings & 919 Reviews"
"realme C55 (Sunshower, 128 GB)","₹13,999","6,453 Ratings & 378 Reviews"
"realme C55 (Rainy Night, 128 GB)","₹13,999","6,453 Ratings & 378 Reviews"
"realme C55 (Sunshower, 64 GB)","₹11,999","5,271 Ratings & 348 Reviews"
"realme C55 (Rainy Night, 64 GB)","₹11,999","5,271 Ratings & 348 Reviews"
"realme C55 (Rainy Night, 64 GB)","₹10,999","19,764 Ratings & 1,215 Reviews"
"realme C55 (Sunshower, 64 GB)","₹10,999","19,764 Ratings & 1,215 Reviews"
"MOTOROLA e13 (Cosmic Black, 64 GB)","₹7,499","16,560 Ratings & 1,412 Reviews"
"realme C30 (Bamboo Green, 32 GB)","₹6,499","49,224 Ratings & 3,069 Reviews"
"SAMSUNG Galaxy M04 (Light Green, 64 GB)","₹7,990","1,598 Ratings & 102 Reviews"
"REDMI 10 (Caribbean Green, 64 GB)","₹9,499","2,22,283 Ratings & 13,776 Reviews"
"realme C30 (Denim Black, 32 GB)","₹5,999","1,01,219 Ratings & 5,423 Reviews"
"SAMSUNG Galaxy F14 5G (GOAT Green, 128 GB)","₹14,490","3,186 Ratings & 252 Reviews"
"REDMI A1+ (Black, 32 GB)","₹6,299","2,688 Ratings & 101 Reviews"
"POCO M5 (Icy Blue, 64 GB)","₹9,499","4,252 Ratings & 307 Reviews"
"POCO C50 (Country Green, 32 GB)","₹6,499","23,030 Ratings & 1,014 Reviews"
"realme C30 (Denim Black, 32 GB)","₹6,499","49,224 Ratings & 3,069 Reviews"
"realme C30 (Lake Blue, 32 GB)","₹6,499","49,224 Ratings & 3,069 Reviews"
"MOTOROLA g13 (Lavender Blue, 128 GB)","₹9,999","9,144 Ratings & 919 Reviews"
"SAMSUNG Galaxy F14 5G (B.A.E. Purple, 128 GB)","₹14,490",
"POCO M5 (Power Black, 128 GB)","₹10,999","2,376 Ratings & 152 Reviews"
"MOTOROLA G62 5G (Midnight Gray, 128 GB)","₹15,999","27,143 Ratings & 2,514 Reviews"
"POCO M4 Pro 5G (Yellow, 128 GB)","₹15,999","19,327 Ratings & 1,504 Reviews"
"POCO M4 Pro (Cool Blue, 128 GB)","₹14,499","17,745 Ratings & 1,471 Reviews"
"REDMI 11 Prime (Playful Green, 64 GB)","₹10,999",785 Ratings & 28 Reviews
"POCO X5 5G (Supernova Green, 128 GB)","₹16,999","3,052 Ratings & 226 Reviews"
"POCO X5 5G (Wildcat Blue, 128 GB)","₹16,999","3,052 Ratings & 226 Reviews"
"SAMSUNG Galaxy S21 FE 5G (White, 128 GB)","₹39,999","47,480 Ratings & 4,589 Reviews"
"MOTOROLA G62 5G (Frosted Blue, 128 GB)","₹15,999","27,143 Ratings & 2,514 Reviews"
"POCO X5 Pro 5G (Horizon Blue, 256 GB)","₹24,999","5,611 Ratings & 608 Reviews"
"REDMI 10 (Shadow Black, 64 GB)","₹9,499","2,22,283 Ratings & 13,776 Reviews"
"SAMSUNG Galaxy S21 FE 5G (Lavender, 128 GB)","₹39,999","47,480 Ratings & 4,589 Reviews"
"REDMI 11 Prime (Flashy Black, 64 GB)","₹10,999",785 Ratings & 28 Reviews
"POCO M4 5G (Power Black, 64 GB)","₹12,999","70,798 Ratings & 5,036 Reviews"
SAMSUNG Guru Music 2,"₹2,140","2,03,661 Ratings & 18,694 Reviews"
"APPLE iPhone 14 (Midnight, 128 GB)","₹71,999","31,754 Ratings & 1,216 Reviews"
"MOTOROLA g72 (Polar Blue, 128 GB)","₹14,999","14,636 Ratings & 1,927 Reviews"
"MOTOROLA e32 (Arctic Blue, 64 GB)","₹8,999","2,595 Ratings & 204 Reviews"
"realme C55 (Rainforest, 128 GB)","₹13,999","6,453 Ratings & 378 Reviews"
"realme C20 (Cool Blue, 32 GB)","₹7,499","2,98,681 Ratings & 14,128 Reviews"
"MOTOROLA e13 (Creamy White, 64 GB)","₹7,499","16,560 Ratings & 1,412 Reviews"
"SAMSUNG Galaxy S21 FE 5G (Olive Green, 128 GB)","₹39,999","47,480 Ratings & 4,589 Reviews"
"realme C20 (Cool Blue, 32 GB)","₹7,499","2,98,681 Ratings & 14,128 Reviews"
"SAMSUNG Galaxy S21 FE 5G (Olive Green, 128 GB)","₹39,999","47,480 Ratings & 4,589 Reviews"
"realme C55 (Rainforest, 64 GB)","₹10,999","19,764 Ratings & 1,215 Reviews"
"realme C20 (Cool Grey, 32 GB)","₹7,499","2,98,681 Ratings & 14,128 Reviews"
"vivo T2 5G (Nitro Blaze, 128 GB)","₹20,999","1,912 Ratings & 113 Reviews"
"vivo T2 5G (Velocity Wave, 128 GB)","₹18,999","11,358 Ratings & 553 Reviews"
"vivo T2 5G (Nitro Blaze, 128 GB)","₹18,999","11,358 Ratings & 553 Reviews"
"POCO M4 Pro (Power Black, 128 GB)","₹14,499","17,745 Ratings & 1,471 Reviews"
"POCO M5 (Icy Blue, 128 GB)","₹10,999","2,376 Ratings & 152 Reviews"
"SAMSUNG Galaxy M04 (Dark Blue, 64 GB)","₹7,999","1,598 Ratings & 102 Reviews"
"vivo T2 5G (Velocity Wave, 128 GB)","₹20,999","1,912 Ratings & 113 Reviews"
"POCO M4 Pro (Yellow, 128 GB)","₹14,499","17,745 Ratings & 1,471 Reviews"
"realme C33 2023 (Aqua Blue, 128 GB)","₹10,499","5,544 Ratings & 158 Reviews"
"realme C33 2023 (Sandy Gold, 128 GB)","₹10,499","5,544 Ratings & 158 Reviews"
"SAMSUNG Galaxy F14 5G (B.A.E. Purple, 128 GB)","₹15,490","7,263 Ratings & 534 Reviews"
"POCO M4 5G (Power Black, 128 GB)","₹14,999","36,731 Ratings & 2,700 Reviews"
"SAMSUNG Galaxy F13 (Nightsky Green, 128 GB)","₹11,999","1,42,705 Ratings & 8,205 Reviews"
Nokia 105 TA-1416 DS,"₹1,449","5,728 Ratings & 390 Reviews"
"realme 10 (Clash White, 128 GB)","₹15,999","2,902 Ratings & 181 Reviews"
"REDMI A1 (Light Blue, 32 GB)","₹6,204","6,763 Ratings & 339 Reviews"
GFive U707,₹749,"11,912 Ratings & 1,110 Reviews"
"Infinix HOT 20 5G (Blaster Green, 64 GB)","₹11,499","7,722 Ratings & 605 Reviews"
"vivo T2x 5G (Aurora Gold, 128 GB)","₹12,999","9,086 Ratings & 386 Reviews"
"vivo T2x 5G (Marine Blue, 128 GB)","₹13,999","15,117 Ratings & 686 Reviews"
"POCO X5 Pro 5G (Yellow, 256 GB)","₹24,999","5,611 Ratings & 608 Reviews"
"REDMI 10 Power (Sporty Orange, 128 GB)","₹11,787","2,567 Ratings & 139 Reviews"
"POCO X5 5G (Jaguar Black, 128 GB)","₹16,999","3,052 Ratings & 226 Reviews"
"realme C21 (Cross Black, 64 GB)","₹10,499","1,48,326 Ratings & 7,123 Reviews"
itel MagicX Pro (4G Hotspot),"₹2,399","1,086 Ratings & 135 Reviews"
"MOTOROLA e13 (Aurora Green, 64 GB)","₹6,999","2,330 Ratings & 210 Reviews"
"APPLE iPhone 13 (Midnight, 128 GB)","₹61,999","2,12,726 Ratings & 11,223 Reviews"
"realme 10 Pro 5G (Dark Matter, 128 GB)","₹19,999","11,860 Ratings & 850 Reviews"
"realme 10 Pro 5G (Hyperspace, 128 GB)","₹19,999","11,860 Ratings & 850 Reviews"
"Infinix HOT 20 Play (Aurora Green, 64 GB)","₹8,499","20,776 Ratings & 1,095 Reviews"
"Infinix HOT 20 Play (Luna Blue, 64 GB)","₹8,499","20,776 Ratings & 1,095 Reviews"
"Infinix HOT 20 Play (Racing Black, 64 GB)","₹8,499","20,776 Ratings & 1,095 Reviews"
"Realme C30 - Locked with Airtel Prepaid (Denim Black, 32 GB)","₹5,549","1,01,219 Ratings & 5,423 Reviews"
"SAMSUNG Galaxy F23 5G (Copper Blush, 128 GB)","₹16,999","1,84,458 Ratings & 14,321 Reviews"
Good One G5605,₹999,"2,160 Ratings & 361 Reviews"
"POCO M4 5G (Yellow, 64 GB)","₹12,999","70,798 Ratings & 5,036 Reviews"
"POCO X5 5G (Supernova Green, 256 GB)","₹18,999","1,361 Ratings & 96 Reviews"
"POCO M4 5G (Cool Blue, 64 GB)","₹12,999","70,798 Ratings & 5,036 Reviews"
"REDMI Note 12 Pro 5G (Glacier Blue, 128 GB)","₹24,999","18,497 Ratings & 1,873 Reviews"
"Infinix HOT 20 Play (Fantasy Purple, 64 GB)","₹8,499","20,776 Ratings & 1,095 Reviews"
"POCO C31 (Royal Blue, 32 GB)","₹6,999","1,43,585 Ratings & 9,013 Reviews"
Kechaoda A26,₹999,"15,630 Ratings & 1,070 Reviews"
"Google Pixel 6a (Chalk, 128 GB)","₹28,999","40,181 Ratings & 4,859 Reviews"
"Google Pixel 6a (Charcoal, 128 GB)","₹28,999","40,181 Ratings & 4,859 Reviews"
"APPLE iPhone 14 (Blue, 128 GB)","₹71,999","31,754 Ratings & 1,216 Reviews"
"realme 8 (Punk Black, 128 GB)","₹12,999","1,23,005 Ratings & 10,753 Reviews"
"MOTOROLA g73 5G (Midnight Blue, 128 GB)","₹16,999","7,801 Ratings & 1,164 Reviews"
"MOTOROLA e13 (Aurora Green, 64 GB)","₹6,999","2,330 Ratings & 210 Reviews"
"MOTOROLA e22s (Eco Black, 64 GB)","₹8,329",172 Ratings & 13 Reviews
"REDMI 10 (Sunrise Orange, 64 GB)","₹9,499","2,22,283 Ratings & 13,776 Reviews"
Micromax X412,₹924,"15,815 Ratings & 1,335 Reviews"
"POCO X5 5G (Jaguar Black, 128 GB)","₹16,999","3,052 Ratings & 226 Reviews"
"realme C21 (Cross Black, 64 GB)","₹10,499","1,48,326 Ratings & 7,123 Reviews"
Micromax J22,"₹1,132",779 Ratings & 49 Reviews
MarQ by Flipkart M70 Shakti,₹999,"3,849 Ratings & 472 Reviews"
itel MagicX Pro (4G Hotspot),"₹2,399","1,086 Ratings & 135 Reviews"
Micromax X412,₹925,"15,815 Ratings & 1,335 Reviews"
LAVA GEM,"₹1,658","30,625 Ratings & 3,243 Reviews"
Micromax X415,₹989,"1,354 Ratings & 90 Reviews"
"POCO X5 Pro 5G (Yellow, 256 GB)","₹24,999","5,611 Ratings & 608 Reviews"
"APPLE iPhone 13 (Midnight, 128 GB)","₹61,999","2,12,726 Ratings & 11,223 Reviews"
Good One G5605,₹999,"2,160 Ratings & 361 Reviews"
"Infinix HOT 20 Play (Luna Blue, 64 GB)","₹8,499","20,776 Ratings & 1,095 Reviews"
"Infinix HOT 20 Play (Aurora Green, 64 GB)","₹8,499","20,776 Ratings & 1,095 Reviews"
"Infinix HOT 20 Play (Racing Black, 64 GB)","₹8,499","20,776 Ratings & 1,095 Reviews"
"Realme C30 - Locked with Airtel Prepaid (Denim Black, 32 GB)","₹5,549","1,01,219 Ratings & 5,423 Reviews"
"realme 10 Pro 5G (Dark Matter, 128 GB)","₹19,999","11,860 Ratings & 850 Reviews"
"realme 10 Pro 5G (Hyperspace, 128 GB)","₹19,999","11,860 Ratings & 850 Reviews"
"REDMI Note 12 Pro 5G (Stardust Purple, 128 GB)","₹24,999","18,497 Ratings & 1,873 Reviews"
SAMSUNG Guru Music 2,"₹2,170","2,03,661 Ratings & 18,694 Reviews"
itel It2171,₹999,"5,177 Ratings & 421 Reviews"
"REDMI 11 Prime 5G (Meadow Green, 64 GB)","₹13,417","2,246 Ratings & 138 Reviews"
"POCO M4 5G (Yellow, 128 GB)","₹14,999","36,731 Ratings & 2,700 Reviews"
itel It2171,₹999,"5,177 Ratings & 421 Reviews"
Nokia 105 SS,"₹1,299","40,269 Ratings & 2,737 Reviews"
"REDMI Note 12 (Lunar Black, 64 GB)","₹14,999","2,539 Ratings & 214 Reviews"
"MOTOROLA e40 (Carbon Gray, 64 GB)","₹8,999","80,464 Ratings & 7,396 Reviews"
Micromax X512,"₹1,090",555 Ratings & 33 Reviews
Kechaoda K112,"₹1,549","21,156 Ratings & 2,195 Reviews"
GFive U873,₹749,"9,281 Ratings & 796 Reviews"
GFive U873,₹749,"9,281 Ratings & 796 Reviews"
"SAMSUNG Galaxy F13 (Sunrise Copper, 128 GB)","₹11,999","1,42,705 Ratings & 8,205 Reviews"
"Infinix NOTE 12i (Alpine White, 64 GB)","₹10,499","4,678 Ratings & 512 Reviews"
"Infinix Smart 7 HD (Ink Black, 64 GB)","₹6,199","1,304 Ratings & 68 Reviews"
"Infinix Smart 7 HD (Silk Blue, 64 GB)","₹6,199","1,304 Ratings & 68 Reviews"
"Infinix Smart 7 HD (Jade White, 64 GB)","₹6,199","1,304 Ratings & 68 Reviews"
"POCO X5 5G (Jaguar Black, 256 GB)","₹18,999","1,361 Ratings & 96 Reviews"
"realme C25s (Watery Blue, 64 GB)","₹10,990","51,198 Ratings & 2,946 Reviews"
Micromax X512,"₹1,049",118 Ratings & 4 Reviews
"realme C30s (Stripe Blue, 32 GB)","₹6,999","5,642 Ratings & 193 Reviews"
"REDMI Note 12 (Lunar Black, 128 GB)","₹16,999","2,539 Ratings & 214 Reviews"
"REDMI A1 (Black, 32 GB)","₹6,205","6,763 Ratings & 339 Reviews"
SAMSUNG Guru Music 2,"₹2,175","2,03,661 Ratings & 18,694 Reviews"
"realme Narzo 50 (Speed Blue, 128 GB)","₹12,999","9,343 Ratings & 664 Reviews"
"realme Narzo 50 (Speed Blue, 64 GB)","₹12,979","17,140 Ratings & 1,101 Reviews"
"realme C21 (Cross Black, 32 GB)","₹9,499","72,049 Ratings & 3,917 Reviews"
Micromax X818,"₹1,540","2,994 Ratings & 236 Reviews"
"OnePlus 11R 5G (Galactic Silver, 256 GB)","₹44,680",995 Ratings & 87 Reviews
"realme 10 Pro+ 5G (Nebula Blue, 128 GB)","₹25,999","11,323 Ratings & 1,077 Reviews"
LAVA Hero 600i,₹899,571 Ratings & 37 Reviews
"realme Narzo 50 (Speed Black, 128 GB)","₹12,999","9,343 Ratings & 664 Reviews"
"MOTOROLA g72 (Meteorite Grey, 128 GB)","₹14,999","14,636 Ratings & 1,927 Reviews"
LAVA Hero 600i,₹899,571 Ratings & 37 Reviews
"realme C30s (Stripe Black, 32 GB)","₹6,999","5,642 Ratings & 193 Reviews"
LAVA A3,"₹1,339","19,703 Ratings & 2,142 Reviews"
"POCO X5 5G (Wildcat Blue, 256 GB)","₹18,999","1,361 Ratings & 96 Reviews"
"MOTOROLA e32 (Eco Black, 64 GB)","₹8,999","2,595 Ratings & 204 Reviews"
"OnePlus Nord CE 2 Lite 5G (Blue Tide, 128 GB)","₹21,958","5,414 Ratings & 447 Reviews"
"OnePlus Nord CE 2 Lite 5G (Blue Tide, 128 GB)","₹18,978","60,876 Ratings & 4,426 Reviews"
"realme 8 (Cyber Black, 128 GB)","₹13,999","1,22,293 Ratings & 9,987 Reviews"
MarQ by Flipkart M70 Shakti,"₹1,599","3,849 Ratings & 472 Reviews"
"realme 8 (Cyber Silver, 128 GB)","₹12,999","1,23,005 Ratings & 10,753 Reviews"
SAMSUNG Guru Music 2,"₹2,199","2,03,661 Ratings & 18,694 Reviews"
"realme 8 (Cyber Black, 128 GB)","₹12,999","1,23,005 Ratings & 10,753 Reviews"
"OnePlus 11R 5G (Galactic Silver, 128 GB)","₹39,589","1,209 Ratings & 128 Reviews"
"REDMI 10 Power (Power Black, 128 GB)","₹11,499","2,567 Ratings & 139 Reviews"
"MOTOROLA e32 (Eco Black, 64 GB)","₹8,999","2,595 Ratings & 204 Reviews"
"Infinix NOTE 12i (Metaverse Blue, 64 GB)","₹10,499","4,678 Ratings & 512 Reviews"
"REDMI 11 Prime (Flashy Black, 128 GB)","₹12,999",174 Ratings & 7 Reviews
"vivo T1 44W (Ice Dawn, 128 GB)","₹15,999","58,919 Ratings & 4,116 Reviews"
"REDMI A1 (Light Green, 32 GB)","₹6,211","6,763 Ratings & 339 Reviews"
"vivo T1 44W (Midnight Galaxy, 128 GB)","₹15,999","58,919 Ratings & 4,116 Reviews"
"vivo T1 44W (Midnight Galaxy, 128 GB)","₹14,499","1,03,251 Ratings & 6,814 Reviews"
"vivo T1 44W (Starry Sky, 128 GB)","₹15,999","58,919 Ratings & 4,116 Reviews"
"vivo T1 44W (Starry Sky, 128 GB)","₹14,499","1,03,251 Ratings & 6,814 Reviews"
PHILIPS Xenium E209,"₹1,210",774 Ratings & 82 Reviews
"REDMI 11 Prime 5G (Chrome Silver, 64 GB)","₹13,140","2,246 Ratings & 138 Reviews"
"SAMSUNG Galaxy M33 5G (Emarld Brown, 128 GB)","₹15,999","9,538 Ratings & 730 Reviews"
SAMSUNG GURU 1200,"₹1,890","1,447 Ratings & 99 Reviews"
"realme 10 Pro+ 5G (Dark Matter, 128 GB)","₹24,999","20,036 Ratings & 1,797 Reviews"
"realme 10 Pro+ 5G (Hyperspace, 128 GB)","₹25,999","11,323 Ratings & 1,077 Reviews"
Micromax X818,"₹1,510","2,994 Ratings & 236 Reviews"
"realme 8 (Cyber Black, 128 GB)","₹14,999","96,276 Ratings & 8,411 Reviews"
"realme C25s (Watery Grey, 128 GB)","₹11,999","51,198 Ratings & 2,946 Reviews"
"REDMI Note 12 Pro 5G (Glacier Blue, 256 GB)","₹27,999","7,833 Ratings & 781 Reviews"
Good One G5605,₹999,"2,160 Ratings & 361 Reviews"
"REDMI Note 12 (Ice Blue, 128 GB)","₹16,999","2,539 Ratings & 214 Reviews"
"MOTOROLA e13 (Cosmic Black, 64 GB)","₹6,999","2,330 Ratings & 210 Reviews"
Kechaoda K112,"₹1,582","21,156 Ratings & 2,195 Reviews"
LAVA A1 Josh 2021,"₹1,115","8,230 Ratings & 684 Reviews"
"REDMI Note 12 (Sunrise Gold, 64 GB)","₹14,999","2,539 Ratings & 214 Reviews"
"REDMI Note 12 Pro 5G (Onyx Black, 128 GB)","₹24,999","18,497 Ratings & 1,873 Reviews"
"REDMI 11 Prime (Peppy Purple, 128 GB)","₹12,999",174 Ratings & 7 Reviews
"REDMI Note 12 Pro 5G (Onyx Black, 256 GB)","₹27,999","7,833 Ratings & 781 Reviews"
"POCO M4 Pro (Yellow, 64 GB)","₹14,999","1,69,108 Ratings & 14,912 Reviews"
"REDMI 11 Prime 5G (Meadow Green, 128 GB)","₹15,423",670 Ratings & 39 Reviews
"REDMI 11 Prime 5G (Thunder Black, 128 GB)","₹15,251",670 Ratings & 39 Reviews
"Realme C30 - Locked with Airtel Prepaid (Bamboo Green, 32 GB)","₹5,549","1,01,219 Ratings & 5,423 Reviews"
Kechaoda K115,"₹1,170","30,204 Ratings & 2,298 Reviews"
"Infinix NOTE 12i (Force Black, 64 GB)","₹10,499","4,678 Ratings & 512 Reviews"
"REDMI 11 Prime 5G (Chrome Silver, 128 GB)","₹15,105",670 Ratings & 39 Reviews
"REDMI 9 Activ (Coral Green, 128 GB)","₹9,499","5,511 Ratings & 355 Reviews"
Nokia 105 ss,"₹1,250","79,066 Ratings & 7,292 Reviews"
"SAMSUNG Galaxy Z Flip3 5G (Phantom Black, 128 GB)","₹49,999","3,143 Ratings & 221 Reviews"
Nokia 5310ds,"₹3,589","7,973 Ratings & 561 Reviews"
"vivo V27 5G (Magic Blue, 128 GB)","₹32,999","9,001 Ratings & 1,200 Reviews"
"vivo V27 5G (Noble Black, 128 GB)","₹32,999","9,001 Ratings & 1,200 Reviews"
SAMSUNG Guru Music 2,"₹2,299","2,03,661 Ratings & 18,694 Reviews"
"MOTOROLA e13 (Creamy White, 64 GB)","₹6,999","2,330 Ratings & 210 Reviews"
"vivo T1 44W (Midnight Galaxy, 128 GB)","₹17,999","6,726 Ratings & 526 Reviews"
"realme 10 Pro+ 5G (Hyperspace, 128 GB)","₹24,999","20,036 Ratings & 1,797 Reviews"
"realme 10 Pro+ 5G (Nebula Blue, 128 GB)","₹24,999","20,036 Ratings & 1,797 Reviews"
"realme 10 Pro+ 5G (Dark Matter, 128 GB)","₹25,999","11,323 Ratings & 1,077 Reviews"
Micromax X708,"₹1,338","2,749 Ratings & 192 Reviews"
Nokia TA-1174 / TA-1299,"₹1,560","55,603 Ratings & 5,184 Reviews"
"SAMSUNG Galaxy F23 5G (Forest Green, 128 GB)","₹15,999","41,540 Ratings & 3,213 Reviews"
"realme C30s (Stripe Black, 64 GB)","₹8,499","6,160 Ratings & 351 Reviews"
"realme Narzo 50 (Speed Black, 64 GB)","₹12,983","17,140 Ratings & 1,101 Reviews"
Kechaoda A26,₹999,"15,630 Ratings & 1,070 Reviews"
Kechaoda A26,₹995,"15,630 Ratings & 1,070 Reviews"
"POCO X4 Pro 5G (Yellow, 128 GB)","₹17,499","82,855 Ratings & 8,166 Reviews"
"REDMI 11 Prime (Playful Green, 128 GB)","₹12,999",174 Ratings & 7 Reviews
"Infinix Hot 20 5G (Space Blue, 128 GB)","₹13,499","4,180 Ratings & 381 Reviews"
"Infinix Hot 20 5G (Blaster Green, 128 GB)","₹13,499","4,180 Ratings & 381 Reviews"
"SAMSUNG Galaxy A03 Core (Onyx, 32 GB)","₹6,370","3,335 Ratings & 279 Reviews"
"SAMSUNG GALAXY M13 (Midnight Blue, 64 GB)","₹10,806","3,173 Ratings & 191 Reviews"
itel Muzik 400,"₹1,615","3,308 Ratings & 353 Reviews"
Micromax X708,"₹1,307","2,749 Ratings & 192 Reviews"
LAVA A3 Power,"₹1,345","2,191 Ratings & 206 Reviews"
Nokia 150 TA-1235 DS,"₹2,499","13,002 Ratings & 926 Reviews"
"realme 9i 5G (Soulful Blue, 128 GB)","₹16,999","7,523 Ratings & 520 Reviews"
"vivo T1 44W (Starry Sky, 128 GB)","₹23,990","6,726 Ratings & 526 Reviews"
"I Kall King Talking, Contact icon and Auto Call Recording",₹844,"16,942 Ratings & 1,519 Reviews"
"realme 9i 5G (Rocking Black, 64 GB)","₹14,999","46,294 Ratings & 2,251 Reviews"
LAVA A1 2021,"₹1,159","4,577 Ratings & 377 Reviews"
"POCO M4 Pro 5G (Cool Blue, 128 GB)","₹15,999","19,327 Ratings & 1,504 Reviews"
itel it2163s,₹999,10 Ratings & 0 Reviews
itel it2163s,₹999,10 Ratings & 0 Reviews
"APPLE iPhone 11 (White, 128 GB)","₹44,999","1,93,028 Ratings & 11,125 Reviews"
Energizer Hardcase E100,"₹1,099","1,831 Ratings & 218 Reviews"
"Infinix Note 12 Pro 5G (Snowfall, 128 GB)","₹17,999","24,863 Ratings & 2,928 Reviews"
"realme 9i 5G (Metallica Gold, 64 GB)","₹14,999","46,294 Ratings & 2,251 Reviews"
"REDMI Note 12 Pro 5G (Stardust Purple, 256 GB)","₹27,999","7,833 Ratings & 781 Reviews"
Micromax X512,"₹1,195","10,265 Ratings & 925 Reviews"
"REDMI 10A (Slate grey, 64 GB)","₹8,605","9,037 Ratings & 499 Reviews"
"realme C11 2021 (Cool Blue, 32 GB)","₹7,499","2,36,031 Ratings & 10,224 Reviews"
"POCO X5 Pro 5G (Astral Black, 128 GB)","₹22,999","5,886 Ratings & 670 Reviews"
"realme C11 2021 (Cool Grey, 32 GB)","₹7,499","2,36,031 Ratings & 10,224 Reviews"
"realme C11 2021 (Cool Blue, 64 GB)","₹8,999","2,09,303 Ratings & 11,299 Reviews"
"Infinix Zero 5G 2023 (Submariner Black, 128 GB)","₹16,599","1,929 Ratings & 214 Reviews"
"realme 9 5G SE (Starry Glow, 128 GB)","₹22,999","3,520 Ratings & 283 Reviews"
"REDMI Note 12 Pro+ 5G (Arctic White, 256 GB)","₹29,999","9,004 Ratings & 990 Reviews"
"REDMI 10A (Slate Grey, 32 GB)","₹8,795","2,350 Ratings & 150 Reviews"
"realme 9 Pro+ 5G (Midnight Black, 256 GB)","₹24,999","31,428 Ratings & 3,447 Reviews"
"REDMI Note 11 (Horizon Blue, 64 GB)","₹12,875","1,403 Ratings & 102 Reviews"
SAMSUNG Guru 1200,"₹2,099","7,728 Ratings & 531 Reviews"
"realme 9 Pro+ 5G (Midnight Black, 128 GB)","₹22,999","31,428 Ratings & 3,447 Reviews"
KARBONN KX3,"₹1,099","9,037 Ratings & 686 Reviews"
"MOTOROLA Edge 30 (Meteor Grey, 128 GB)","₹24,999","5,572 Ratings & 741 Reviews"
"Infinix Hot 12 (Turquoise Cyan, 64 GB)","₹8,999","25,946 Ratings & 1,771 Reviews"
"Infinix Hot 12 (Polar Black, 64 GB)","₹8,999","25,946 Ratings & 1,771 Reviews"
"Infinix Hot 12 (Exploratory Blue, 64 GB)","₹8,999","25,946 Ratings & 1,771 Reviews"
"POCO X5 Pro 5G (Yellow, 128 GB)","₹22,999","5,886 Ratings & 670 Reviews"
itel Ace 2,₹899,949 Ratings & 84 Reviews
"realme C11 2021 (Cool Grey, 64 GB)","₹8,999","2,09,303 Ratings & 11,299 Reviews"
"OPPO A17 (Lake Blue, 64 GB)","₹12,178","5,262 Ratings & 205 Reviews"
"realme 8 5G (Supersonic Black, 128 GB)","₹18,499","70,269 Ratings & 5,721 Reviews"
"realme 9 5G SE (Azure Glow, 128 GB)","₹22,999","3,520 Ratings & 283 Reviews"
"realme 9 5G SE (Azure Glow, 128 GB)","₹19,999","28,063 Ratings & 2,309 Reviews"
"Infinix Note 12 5G (Snowfall, 64 GB)","₹14,999","18,679 Ratings & 1,994 Reviews"
Nokia 105 PLUS SS,"₹1,395",305 Ratings & 22 Reviews
"SAMSUNG Galaxy M33 5G (Mystique Green, 128 GB)","₹16,295","9,538 Ratings & 730 Reviews"
"POCO M5 (Yellow, 128 GB)","₹10,999","2,376 Ratings & 152 Reviews"
Kechaoda K115,"₹1,160","30,204 Ratings & 2,298 Reviews"
"MOTOROLA g22 (Cosmic Black, 64 GB)","₹10,999","33,003 Ratings & 3,714 Reviews"
"Infinix Note 12 Pro 5G (Force Black, 128 GB)","₹17,999","24,863 Ratings & 2,928 Reviews"
SAMSUNG Guru Music 2,"₹2,149","2,383 Ratings & 157 Reviews"
itel Ace 2,₹899,949 Ratings & 84 Reviews
LAVA A1 2021,"₹1,279","4,577 Ratings & 377 Reviews"
"OPPO A17 (Sunlight Orange, 64 GB)","₹12,499","5,262 Ratings & 205 Reviews"
"OPPO A17 (Midnight Black, 64 GB)","₹12,499","5,262 Ratings & 205 Reviews"
Snexian Guru 106,₹699,"3,023 Ratings & 233 Reviews"
Micromax X809,"₹1,274","5,211 Ratings & 453 Reviews"
I Kall K3310,₹744,"62,538 Ratings & 7,264 Reviews"
"REDMI 9 Activ (Carbon Black, 128 GB)","₹9,499","5,511 Ratings & 355 Reviews"
"Tecno POP 7 Pro (Uyuni Blue, 64 GB)","₹7,799",9 Ratings & 1 Reviews
"SAMSUNG Galaxy Z Flip3 5G (Cream, 128 GB)","₹49,999","3,143 Ratings & 221 Reviews"
Snexian GURU 312,₹699,"2,242 Ratings & 175 Reviews"
"I Kall Z19Pro (Blue, 64 GB)","₹7,999",630 Ratings & 36 Reviews
itel it2175,"₹1,095",529 Ratings & 47 Reviews
itel it2175,"₹1,090",529 Ratings & 47 Reviews
"SAMSUNG Galaxy S20 FE 5G (Cloud Mint, 128 GB)","₹27,855",500 Ratings & 39 Reviews
"realme 9i 5G (Metallica Gold, 128 GB)","₹16,999","7,523 Ratings & 520 Reviews"
"SAMSUNG GALAXY M13 (Aqua Green, 64 GB)","₹10,802","3,173 Ratings & 191 Reviews"
"OnePlus Nord 2T 5G (Gray Shadow, 128 GB)","₹28,695","7,161 Ratings & 631 Reviews"
"POCO F1 (Steel Blue, 128 GB)","₹12,990","2,44,208 Ratings & 30,016 Reviews"
"APPLE iPhone 13 (Blue, 128 GB)","₹62,999","2,12,726 Ratings & 11,223 Reviews"
LAVA Hero 600i,₹909,571 Ratings & 37 Reviews
Micromax X512,"₹1,170","10,265 Ratings & 925 Reviews"
"itel A23S (Sky Black, 32 GB)","₹4,649",200 Ratings & 14 Reviews
"Infinix Zero 5G 2023 (Pearly White, 128 GB)","₹16,599","1,929 Ratings & 214 Reviews"
"Infinix Zero 5G 2023 (Coral Orange, 128 GB)","₹16,599","1,929 Ratings & 214 Reviews"
"OPPO A78 5G (Glowing Black, 128 GB)","₹18,700",502 Ratings & 21 Reviews
"APPLE iPhone 13 (Green, 128 GB)","₹62,999","2,12,726 Ratings & 11,223 Reviews"
"MOTOROLA Edge 30 (Aurora Green, 128 GB)","₹24,999","5,572 Ratings & 741 Reviews"
"APPLE iPhone 11 (Black, 128 GB)","₹44,999","1,93,028 Ratings & 11,125 Reviews"
itel MagicX 4G,"₹2,155",377 Ratings & 31 Reviews
I Kall K100,₹719,"6,407 Ratings & 581 Reviews"
"vivo T1 44W (Ice Dawn, 128 GB)","₹17,999","6,726 Ratings & 526 Reviews"
"Tecno Pova 3 (Tech Silver, 64 GB)","₹10,499",950 Ratings & 53 Reviews
Nokia 105SS PLUS,"₹1,545","1,730 Ratings & 108 Reviews"
itel it2175,"₹1,095",529 Ratings & 47 Reviews
itel it2175,"₹1,090",529 Ratings & 47 Reviews
"realme 9 5G (Supersonic Black, 64 GB)","₹15,999","40,399 Ratings & 2,277 Reviews"
"realme 9 5G (Supersonic Blue, 64 GB)","₹15,999","40,399 Ratings & 2,277 Reviews"
"realme 9 5G (Stargaze White, 64 GB)","₹15,999","40,399 Ratings & 2,277 Reviews"
itel MagicX 4G,"₹2,155",377 Ratings & 31 Reviews
itel MagicX 4G,"₹2,155",377 Ratings & 31 Reviews
"vivo T1 44W (Ice Dawn, 128 GB)","₹17,999","6,726 Ratings & 526 Reviews"
"REDMI 12C (?Lavender Purple, 128 GB)","₹11,315",100 Ratings & 8 Reviews
"I Kall Z19Pro (Blue, 64 GB)","₹7,999",630 Ratings & 36 Reviews
"Infinix Hot 20 5G (Racing Black, 128 GB)","₹13,499","4,180 Ratings & 381 Reviews"
"APPLE iPhone 11 (Black, 128 GB)","₹44,999","1,93,028 Ratings & 11,125 Reviews"
"REDMI Note 12 Pro+ 5G (Obsidian Black, 256 GB)","₹32,999","3,539 Ratings & 402 Reviews"
"realme 8 5G (Supersonic Blue, 128 GB)","₹18,499","70,269 Ratings & 5,721 Reviews"
"Infinix Note 12 5G (Force Black, 64 GB)","₹14,999","18,679 Ratings & 1,994 Reviews"
"SAMSUNG Galaxy A03 Core (Onyx, 32 GB)","₹6,368","3,335 Ratings & 279 Reviews"
Micromax X413,₹950,"3,286 Ratings & 267 Reviews"
Good One 5026,"₹1,099","1,195 Ratings & 257 Reviews"
"MOTOROLA Edge 30 (Aurora Green, 128 GB)","₹24,999","5,572 Ratings & 741 Reviews"
"realme 9 5G (Meteor Black, 64 GB)","₹15,999","40,399 Ratings & 2,277 Reviews"
"realme 9 Pro+ 5G (Sunrise Blue, 256 GB)","₹24,999","31,428 Ratings & 3,447 Reviews"
Kechaoda K115,"₹1,130","30,204 Ratings & 2,298 Reviews"
KARBONN KX3,"₹1,099","2,080 Ratings & 142 Reviews"
Kechaoda K115,"₹1,130","30,204 Ratings & 2,298 Reviews"
"realme Narzo 50i (Carbon Black, 64 GB)","₹8,999","62,767 Ratings & 3,496 Reviews"
Micromax X809,"₹1,272","5,211 Ratings & 453 Reviews"
"realme C35 (Glowing Black, 64 GB)","₹10,999","1,83,798 Ratings & 10,260 Reviews"
"vivo V23 5G (Stardust Black, 128 GB)","₹26,490","26,173 Ratings & 2,969 Reviews"
"realme Narzo 50i (Mint Green, 32 GB)","₹7,499","1,23,533 Ratings & 4,920 Reviews"
"realme Narzo 50i (Carbon Black, 32 GB)","₹7,168","1,23,533 Ratings & 4,920 Reviews"
Nokia 105DS PLUS,"₹1,599",331 Ratings & 22 Reviews
"APPLE iPhone 11 (White, 64 GB)","₹40,999","1,93,028 Ratings & 11,125 Reviews"
DIZO Star 500,"₹1,950","13,444 Ratings & 1,538 Reviews"
Snexian GURU 312,₹799,"2,242 Ratings & 175 Reviews"
Snexian GURU 312,₹799,"2,242 Ratings & 175 Reviews"
"REDMI Note 11 (Horizon Blue, 64 GB)","₹12,170","1,403 Ratings & 102 Reviews"
"IQOO Z6 44W (Lumina Blue, 128 GB)","₹14,340","1,721 Ratings & 145 Reviews"
Micromax S114,₹992,31 Ratings & 1 Reviews
"OPPO Reno8T 5G (Sunrise Gold, 128 GB)","₹29,999","7,712 Ratings & 679 Reviews"
"OPPO Reno8T 5G (Midnight Black, 128 GB)","₹29,999","7,712 Ratings & 679 Reviews"
LAVA A1,"₹1,249","1,08,556 Ratings & 11,459 Reviews"
Micromax X513+,"₹1,190","1,909 Ratings & 127 Reviews"
Nokia 150 DS 2020,"₹2,648","22,694 Ratings & 1,738 Reviews"
Kechaoda K115,"₹1,130","30,204 Ratings & 2,298 Reviews"
"realme C35 (Glowing Black, 128 GB)","₹11,999","1,83,798 Ratings & 10,260 Reviews"
"realme C35 (Glowing Green, 64 GB)","₹10,999","1,83,798 Ratings & 10,260 Reviews"
itel it2163s,₹999,10 Ratings & 0 Reviews
"Tecno Pova 3 (Eco Black, 64 GB)","₹10,543",950 Ratings & 53 Reviews
"MOTOROLA G32 (Satin Silver, 64 GB)","₹10,999","37,484 Ratings & 3,491 Reviews"
LAVA Gem,"₹1,590","8,696 Ratings & 767 Reviews"
KARBONN Jumbo K9,"₹1,370","13,141 Ratings & 1,307 Reviews"
"OnePlus 10R (Forest Green, 256 GB)","₹36,915",112 Ratings & 4 Reviews
"OnePlus 10R (Sierra Black, 128 GB)","₹31,999",931 Ratings & 52 Reviews
GFive U220+,₹769,"5,086 Ratings & 553 Reviews"
"vivo Y16 (Steller Black, 64 GB)","₹15,999","2,017 Ratings & 119 Reviews"
Nokia 105 PLUS,"₹1,349","8,830 Ratings & 608 Reviews"
"SAMSUNG Galaxy M13 (Aqua Green, 128 GB)","₹13,328",622 Ratings & 38 Reviews
"APPLE iPhone 14 (Midnight, 256 GB)","₹81,999","31,754 Ratings & 1,216 Reviews"
"realme 9 Pro+ 5G (Aurora Green, 256 GB)","₹24,999","31,428 Ratings & 3,447 Reviews"
"I Kall Z19Pro Flash blue (Flash Blue, 64 GB)","₹7,999",
"Infinix Note 12 TURBO (Jewel Blue, 128 GB)","₹13,999","8,449 Ratings & 1,043 Reviews"
"SAMSUNG Galaxy M33 5G (Mystique Green, 128 GB)","₹18,507","1,965 Ratings & 146 Reviews"
Nokia 110 TA-1302 DS,"₹1,796","25,233 Ratings & 1,979 Reviews"
"OPPO A17k (Gold, 64 GB)","₹9,499","4,093 Ratings & 103 Reviews"
"OPPO A17k (Navy Blue, 64 GB)","₹9,499","4,093 Ratings & 103 Reviews"
"OnePlus Nord 2T 5G (Jade Fog, 128 GB)","₹28,665","7,161 Ratings & 631 Reviews"
GREENBERRI VIRAT,₹799,542 Ratings & 82 Reviews
GREENBERRI VIRAT,₹749,542 Ratings & 82 Reviews
Kechaoda A27,₹999,"7,281 Ratings & 543 Reviews"
Snexian GURU 312,₹699,"2,242 Ratings & 175 Reviews"
"Tecno Spark Go 2023 (Endless Black, 64 GB)","₹8,580",
GREENBERRI VIRAT,₹749,542 Ratings & 82 Reviews
"REDMI Note 12 Pro+ 5G (Iceberg Blue, 256 GB)","₹32,999","3,539 Ratings & 402 Reviews"
Nokia 150 DS 2020,"₹2,680","22,694 Ratings & 1,738 Reviews"
Micromax J2,₹970,651 Ratings & 41 Reviews
KARBONN KX 29,"₹1,599",518 Ratings & 49 Reviews
"Tecno Pova 3 (Electric Blue, 64 GB)","₹11,999",950 Ratings & 53 Reviews
"Tecno Spark Go 2023 (Endless Black, 64 GB)","₹8,580",8 Ratings & 0 Reviews
"REDMI K50i 5G (Stealth Black, 128 GB)","₹20,833","1,304 Ratings & 155 Reviews"
"SAMSUNG Galaxy S20 FE 5G (Cloud Lavender, 128 GB)","₹28,418",500 Ratings & 39 Reviews
LAVA A5,"₹1,395","12,810 Ratings & 1,190 Reviews"
LAVA A5,"₹1,478","12,810 Ratings & 1,190 Reviews"
Motorola a50,"₹1,608","1,737 Ratings & 156 Reviews"
Motorola a50,"₹1,625","1,737 Ratings & 156 Reviews"
"Tecno Pop 5 Pro (Deepsea Luster, 32 GB)","₹6,989",551 Ratings & 42 Reviews
"Tecno Spark Go 2023 (UYUNI BLUE, 32+3 GB)","₹7,049",31 Ratings & 3 Reviews
Cellecor X3,"₹1,187",78 Ratings & 1 Reviews
"Nothing Phone (1) (White, 256 GB)","₹35,999","7,064 Ratings & 791 Reviews"
"itel Vision3 (Jewel Blue, 32 GB)","₹6,099",413 Ratings & 28 Reviews
"itel Vision3 (Deep Ocean Black, 32 GB)","₹5,799",413 Ratings & 28 Reviews
Snexian GURU 312,₹699,"2,242 Ratings & 175 Reviews"
LAVA LF9000,"₹1,689",65 Ratings & 2 Reviews
"REDMI Note 12 Pro 5G (Glacier Blue, 128 GB)","₹26,999","7,833 Ratings & 781 Reviews"
Nokia 110 TA-1302 DS,"₹1,796","25,233 Ratings & 1,979 Reviews"
"REDMI 10A (Charcoal Black, 64 GB)","₹8,628","9,037 Ratings & 499 Reviews"
Kechaoda K33,"₹1,149","8,639 Ratings & 566 Reviews"
"OPPO A17k (Blue, 64 GB)","₹9,499","4,093 Ratings & 103 Reviews"
Micromax X702,"₹1,095",327 Ratings & 18 Reviews
Kechaoda A27,₹995,"7,281 Ratings & 543 Reviews"
"IQOO Z6 Lite 5G (With Charger) (Stellar Green, 128 GB)","₹16,999",261 Ratings & 17 Reviews
I Kall K3310 Combo Of Two Mobile,"₹1,499","11,081 Ratings & 1,052 Reviews"
"I Kall Z19Pro Flash blue (Flash Blue, 64 GB)","₹7,999",8 Ratings & 0 Reviews
LAVA A1 2021,"₹1,159","4,577 Ratings & 377 Reviews"
DIZO Star 500,"₹1,725","13,444 Ratings & 1,538 Reviews"
"Infinix Zero 5G 2023 TURBO (Submariner Black, 256 GB)","₹18,599","1,409 Ratings & 199 Reviews"
Nokia 110 TA-1302 DS,"₹1,699","25,233 Ratings & 1,979 Reviews"
"Infinix Zero 5G 2023 TURBO (Pearly White, 256 GB)","₹18,599","1,409 Ratings & 199 Reviews"
"MOTOROLA g31 (Meteorite Grey, 64 GB)","₹11,999","39,238 Ratings & 4,281 Reviews"
Kechaoda K115,"₹1,117","30,204 Ratings & 2,298 Reviews"
LAVA LF9000,"₹1,689",65 Ratings & 2 Reviews
itel MagicX 4G,"₹2,289",377 Ratings & 31 Reviews
"REDMI 12C (Lavender Purple, 64 GB)","₹9,266",140 Ratings & 11 Reviews
"POCO X4 Pro 5G (Laser Blue, 64 GB)","₹16,499","82,855 Ratings & 8,166 Reviews"
SAMSUNG GURU GT,"₹2,099","3,619 Ratings & 230 Reviews"
"REDMI 12C (Royal Blue, 64 GB)","₹9,167",140 Ratings & 11 Reviews
"REDMI 12C (Mint Green, 64 GB)","₹9,149",140 Ratings & 11 Reviews
"POCO X4 Pro 5G (Laser Black, 128 GB)","₹19,499","20,813 Ratings & 2,072 Reviews"
Micromax S115,₹996,349 Ratings & 17 Reviews
"Xiaomi 11i Hypercharge 5G (Stealth Black, 128 GB)","₹23,999","11,769 Ratings & 1,188 Reviews"
A10E,"₹1,409",34 Ratings & 2 Reviews
Nokia 105 PLUS,"₹1,549","8,830 Ratings & 608 Reviews"
Nokia 105 PLUS,"₹1,549","8,830 Ratings & 608 Reviews"
"SAMSUNG Galaxy M13 (Aqua Green, 128 GB)","₹13,332",622 Ratings & 38 Reviews
LAVA A1 2021,"₹1,149","2,180 Ratings & 200 Reviews"
itel Power 100 New,"₹1,349",868 Ratings & 61 Reviews
LAVA A1,"₹1,208","20,463 Ratings & 1,913 Reviews"
"MOTOROLA g82 5G (White Lily, 128 GB)","₹21,699","5,900 Ratings & 695 Reviews"
"Redmi 9A Sport (Coral Green, 32 GB)","₹7,687","6,663 Ratings & 478 Reviews"
Kechaoda K115,"₹1,130","30,204 Ratings & 2,298 Reviews"
"MOTOROLA g52 (Metallic White, 128 GB)","₹13,999","37,341 Ratings & 4,187 Reviews"
Micromax S114,₹992,31 Ratings & 1 Reviews
"Redmi 9A Sport (Carbon Black, 32 GB)","₹7,200","25,943 Ratings & 1,919 Reviews"
"REDMI Note 11S (Space Black, 128 GB)","₹15,488","3,192 Ratings & 250 Reviews"
"Redmi 9A Sport (Coral Green, 32 GB)","₹7,399","25,943 Ratings & 1,919 Reviews"
LAVA Flip,"₹2,299","1,922 Ratings & 154 Reviews"
Nokia TA-1304/105 SS,"₹1,440","63,522 Ratings & 4,955 Reviews"
GFive C3 Golden,₹999,314 Ratings & 11 Reviews
"IQOO Neo 7 5G (Interstellar Black, 256 GB)","₹34,598",47 Ratings & 6 Reviews
Kechaoda K60,"₹1,849","1,339 Ratings & 127 Reviews"
Micromax J2,₹982,651 Ratings & 41 Reviews
"REDMI Note 11S (Horizon Blue, 128 GB)","₹15,488","3,192 Ratings & 250 Reviews"
LAVA Flip,"₹1,999","14,126 Ratings & 1,329 Reviews"
Nokia 105 SS 2021,"₹1,435","84,050 Ratings & 6,303 Reviews"
"APPLE iPhone 11 (Black, 64 GB)","₹40,999","1,93,028 Ratings & 11,125 Reviews"
"vivo Y16 (Drizzling Gold, 64 GB)","₹15,999","2,017 Ratings & 119 Reviews"
"SAMSUNG GALAXY M13 5G (Aqua Green, 128 GB)","₹15,989","1,129 Ratings & 76 Reviews"
Kechaoda A27,₹995,"7,281 Ratings & 543 Reviews"
Micromax X778,"₹1,346","2,878 Ratings & 283 Reviews"
"REDMI K50i 5G (Stealth Black, 128 GB)","₹20,744","1,304 Ratings & 155 Reviews"
Kechaoda K115,"₹1,129","30,204 Ratings & 2,298 Reviews"
Kechaoda K115,"₹1,119","30,204 Ratings & 2,298 Reviews"
"SAMSUNG Galaxy M53 5G (Emerald Brown, 128 GB)","₹24,999",264 Ratings & 30 Reviews
Kechaoda K66 The Music House 4,"₹1,399","17,284 Ratings & 1,281 Reviews"
Kechaoda K66 The Music House 4,"₹1,399","17,284 Ratings & 1,281 Reviews"
"REDMI Note 12 5G (Frosted Green, 128 GB)","₹17,485",281 Ratings & 20 Reviews
Kechaoda K66 The Music House 4,"₹1,399","17,284 Ratings & 1,281 Reviews"
Kechaoda K66 The Music House 4,"₹1,299","17,284 Ratings & 1,281 Reviews"
I Kall K3310,₹744,"62,538 Ratings & 7,264 Reviews"
"REDMI Note 11 (Space Black, 64 GB)","₹12,195","1,403 Ratings & 102 Reviews"
"REDMI Note 11 (Starburst White, 64 GB)","₹12,489","1,403 Ratings & 102 Reviews"
"REDMI Note 11 (Space Black, 128 GB)","₹16,250","1,847 Ratings & 142 Reviews"
GFive U220i,₹769,368 Ratings & 30 Reviews
KARBONN KX 29,"₹1,489",518 Ratings & 49 Reviews
KARBONN KX 29,"₹1,490",518 Ratings & 49 Reviews
"REDMI 10A SPORT (SEA BLUE, 128 GB)","₹10,938","1,106 Ratings & 70 Reviews"
"REDMI 10A SPORT (CHARCOAL BLACK, 128 GB)","₹10,568","1,106 Ratings & 70 Reviews"
"IQOO Neo 6 5G (Dark Nova, 128 GB)","₹27,999","1,339 Ratings & 161 Reviews"
"REDMI 10A SPORT (CHARCOAL BLACK, 128 GB)","₹10,568","1,106 Ratings & 70 Reviews"
"vivo V23 5G (Stardust Black, 256 GB)","₹27,999","3,038 Ratings & 331 Reviews"
GFive U220i,₹769,368 Ratings & 30 Reviews
"Tecno Pova 3 (Electric Blue, 64 GB)","₹10,890",950 Ratings & 53 Reviews
KARBONN KX 29,"₹1,489",518 Ratings & 49 Reviews
KARBONN KX 29,"₹1,490",518 Ratings & 49 Reviews
Kechaoda K115,"₹1,129","30,204 Ratings & 2,298 Reviews"
Kechaoda K115,"₹1,119","30,204 Ratings & 2,298 Reviews"
"realme GT 2 (Paper Green, 128 GB)","₹34,999","7,361 Ratings & 903 Reviews"
"Tecno Camon 19 (Sea Salt White, 128 GB)","₹13,960",544 Ratings & 51 Reviews
Nokia 110 DS,"₹1,720",691 Ratings & 43 Reviews
Kechaoda K33,"₹1,109","8,639 Ratings & 566 Reviews"
I Kall K3310,₹744,"62,538 Ratings & 7,264 Reviews"
"realme GT 2 (Steel Black, 128 GB)","₹34,999","7,361 Ratings & 903 Reviews"
"realme GT 2 (Paper White, 128 GB)","₹34,999","7,361 Ratings & 903 Reviews"
"REDMI A1+ (Black, 32 GB)","₹7,299",786 Ratings & 51 Reviews
"vivo Y72 5G (Slate Gray, 128 GB)","₹18,890","5,836 Ratings & 458 Reviews"
Micromax S114,₹992,31 Ratings & 1 Reviews
"REDMI Note 12 Pro 5G (Onyx Black, 128 GB)","₹26,999","7,833 Ratings & 781 Reviews"
"Redmi 9A Sport (Carbon Black, 32 GB)","₹7,980","6,663 Ratings & 478 Reviews"
"SAMSUNG Galaxy M04 (Dark Blue, 128 GB)","₹9,259","1,598 Ratings & 102 Reviews"
"SAMSUNG Galaxy M33 5G (Deep Ocean Blue, 128 GB)","₹18,515","1,965 Ratings & 146 Reviews"
itel Power 110,"₹1,325",848 Ratings & 63 Reviews
"itel A23S (Ocean Blue, 32 GB)","₹4,649",200 Ratings & 14 Reviews
"REDMI K50i 5G (Stealth Black, 256 GB)","₹24,099",233 Ratings & 20 Reviews
"SAMSUNG Galaxy M33 5G (Mystique Green, 128 GB)","₹16,645","9,538 Ratings & 730 Reviews"
"Infinix Zero 20 (DEEP GRAY, 128 GB)","₹16,999","3,090 Ratings & 393 Reviews"
"Infinix Zero 20 (Green Fantasy, 128 GB)","₹16,999","3,090 Ratings & 393 Reviews"
"realme Narzo 50i (Carbon Black, 64 GB)","₹9,080","62,767 Ratings & 3,496 Reviews"
"realme C35 (Glowing Green, 128 GB)","₹11,999","1,83,798 Ratings & 10,260 Reviews"
Kechaoda K33,"₹1,120","8,639 Ratings & 566 Reviews"
Micromax X413,₹940,"3,286 Ratings & 267 Reviews"
itel it5026,"₹1,305","1,218 Ratings & 120 Reviews"
"Tecno Pova 3 (Eco Black, 128 GB)","₹13,699",403 Ratings & 19 Reviews
"Nokia C01 Plus (Blue, 32 GB)","₹6,099","4,901 Ratings & 427 Reviews"
"SAMSUNG Galaxy M33 5G (Deep Ocean Blue, 128 GB)","₹18,515","1,965 Ratings & 146 Reviews"
"vivo Y16 (Drizzling Gold, 128 GB)","₹12,999","2,017 Ratings & 119 Reviews"
"vivo Y16 (Steller Black, 128 GB)","₹12,999","2,017 Ratings & 119 Reviews"
GFive V8,₹749,"1,219 Ratings & 93 Reviews"
Micromax S115,₹955,349 Ratings & 17 Reviews
I Kall K78,"₹1,149",935 Ratings & 76 Reviews
Kechaoda K-9,"₹1,270","1,390 Ratings & 139 Reviews"
I Kall K37,₹844,"3,416 Ratings & 269 Reviews"
GREENBERRI RAFALE,₹899,321 Ratings & 69 Reviews
"Micromax IN 2B (Blue, 64 GB)","₹6,999","23,597 Ratings & 3,510 Reviews"
Snexian Guru 310,₹699,"19,575 Ratings & 1,559 Reviews"
"REDMI 10 Prime 2022 (Astral White, 64 GB)","₹12,999","3,464 Ratings & 237 Reviews"
"vivo Y35 (Dawn Gold, 128 GB)","₹17,499","2,692 Ratings & 179 Reviews"
itel Power 100 New,"₹1,349",868 Ratings & 61 Reviews
"IQOO Z6 44W (Raven Black, 128 GB)","₹13,990","1,721 Ratings & 145 Reviews"
"REDMI 10 Prime 2022 (Astral White, 64 GB)","₹12,999","3,464 Ratings & 237 Reviews"
"vivo Y35 (Dawn Gold, 128 GB)","₹17,499","2,692 Ratings & 179 Reviews"
"vivo Z1x (Fusion Blue, 128 GB)","₹15,049","12,762 Ratings & 1,530 Reviews"
"Tecno Camon 19 (Sea Salt White, 128 GB)","₹13,960",544 Ratings & 51 Reviews
"REDMI 10A SPORT (SLATE GREY, 128 GB)","₹10,499","1,106 Ratings & 70 Reviews"
"Realme C30 - Locked with Airtel Prepaid (Lake Blue, 32 GB)","₹6,049","49,224 Ratings & 3,069 Reviews"
"MOTOROLA Edge 30 Ultra (Interstellar Black, 128 GB)","₹44,999","1,247 Ratings & 231 Reviews"
Kechaoda K60,"₹1,849","1,339 Ratings & 127 Reviews"
"Tecno Pova 3 (Eco Black, 128 GB)","₹13,699",403 Ratings & 19 Reviews
Kechaoda K60,"₹1,849","1,339 Ratings & 127 Reviews"
GFive U220i,₹769,368 Ratings & 30 Reviews
"REDMI Note 12 5G (Matte Black, 128 GB)","₹19,619",375 Ratings & 30 Reviews
itel Power200,"₹1,359",23 Ratings & 5 Reviews
"realme Narzo 50i Prime (Mint Green, 64 GB)","₹8,725",247 Ratings & 11 Reviews
"POCO X4 Pro 5G (Laser Blue, 128 GB)","₹19,499","20,813 Ratings & 2,072 Reviews"
"Google Pixel 7 (Obsidian, 128 GB)","₹55,999","3,966 Ratings & 592 Reviews"
Kechaoda K33,"₹1,190","8,639 Ratings & 566 Reviews"
"realme Narzo 50 Pro 5G (Hyper Blue, 128 GB)","₹19,490",269 Ratings & 31 Reviews
"realme Narzo 50i Prime (Dark Blue, 64 GB)","₹8,890",247 Ratings & 11 Reviews
"realme Narzo 50 Pro 5G (Hyper Black, 128 GB)","₹19,930",269 Ratings & 31 Reviews
"realme narzo 50i Prime (Mint Green, 32 GB)","₹7,806",
GFive V8,₹749,"1,219 Ratings & 93 Reviews"
I Kall K26,₹804,529 Ratings & 86 Reviews
I Kall K26,₹799,529 Ratings & 86 Reviews
Nokia 125 TA-1253 DS,"₹2,279","3,157 Ratings & 206 Reviews"
"itel A23S (Sky Cyan, 32 GB)","₹4,649",200 Ratings & 14 Reviews
"MOTOROLA Edge 30 Ultra (Interstellar Black, 128 GB)","₹44,999","1,247 Ratings & 231 Reviews"
"SAMSUNG GALAXY M13 (Stardust Brown, 64 GB)","₹10,952","3,173 Ratings & 191 Reviews"
"SAMSUNG Galaxy A14 5G (Light Green, 64 GB)","₹16,499",779 Ratings & 53 Reviews
"Google Pixel 7 (Obsidian, 128 GB)","₹55,999","3,966 Ratings & 592 Reviews"
PHILIPS E125,"₹1,325",380 Ratings & 39 Reviews
Kechaoda K28,"₹1,299","2,943 Ratings & 253 Reviews"
"IAIR 2G Dual Sim Big Battery Camera, Video Recording, FM GSM Feature Phone","₹1,599",43 Ratings & 9 Reviews
"realme Narzo 50i Prime (Dark Blue, 64 GB)","₹8,890",247 Ratings & 11 Reviews
Micromax J2,₹965,651 Ratings & 41 Reviews
"vivo Y16 (Steller Black, 32 GB)","₹10,999","2,261 Ratings & 129 Reviews"
"realme narzo 50i Prime (Mint Green, 32 GB)","₹7,807",36 Ratings & 3 Reviews
Kechaoda A27,₹999,"7,281 Ratings & 543 Reviews"
"Nokia 105 DS (Blue, 4 MB)","₹1,599","18,176 Ratings & 1,806 Reviews"
itel IT5626,"₹1,699","1,510 Ratings & 152 Reviews"
"realme Narzo 50 Pro 5G (Hyper Blue, 128 GB)","₹19,990",37 Ratings & 1 Reviews
"vivo Y35 (Agate Black, 128 GB)","₹17,499","2,692 Ratings & 179 Reviews"
"vivo Z1x (Fusion Blue, 128 GB)","₹15,049","12,762 Ratings & 1,530 Reviews"
I Kall K29-Pro 4g phone,"₹1,804",6 Ratings & 0 Reviews
"POCO M4 Pro 5G (Yellow, 64 GB)","₹14,999","47,574 Ratings & 4,010 Reviews"
"SAMSUNG Galaxy A14 5G (Dark Red, 128 GB)","₹20,999",657 Ratings & 66 Reviews
"SAMSUNG GALAXY M13 (Midnight Blue, 64 GB)","₹10,670","3,173 Ratings & 191 Reviews"
Kechaoda K28,"₹1,299","2,943 Ratings & 253 Reviews"
"realme Narzo N55 (Prime Black, 128 GB)","₹14,460",44 Ratings & 2 Reviews
"SAMSUNG Galaxy M33 5G (Emerald Brown, 128 GB)","₹18,633","1,965 Ratings & 146 Reviews"
"POCO M4 Pro 5G (Yellow, 64 GB)","₹14,999","47,574 Ratings & 4,010 Reviews"
itel IT5626,"₹1,699","1,510 Ratings & 152 Reviews"
itel it5026,"₹1,305","1,218 Ratings & 120 Reviews"
Micromax X743,"₹1,220",209 Ratings & 9 Reviews
Nokia 105 SS 2021,"₹1,454","84,050 Ratings & 6,303 Reviews"
"SAMSUNG Galaxy F23 5G (Copper Blush, 128 GB)","₹15,999","41,540 Ratings & 3,213 Reviews"
"OPPO A17K (Navy Blue, 64 GB)","₹9,249","4,093 Ratings & 103 Reviews"
I Kall K78,"₹1,139",935 Ratings & 76 Reviews
DIZO Star 300,"₹1,394","10,025 Ratings & 1,175 Reviews"
GFive C3 CARD,₹980,329 Ratings & 18 Reviews
"Infinix HOT 12 Play (Champagne Gold, 64 GB)","₹8,999","1,15,975 Ratings & 8,410 Reviews"
"SAMSUNG Galaxy A03 Core (Mint, 32 GB)","₹7,098","3,335 Ratings & 279 Reviews"
"REDMI Note 11 (Horizon Blue, 64 GB)","₹12,263","1,847 Ratings & 142 Reviews"
"vivo Y33s (Midday Dream, 128 GB)","₹15,169","12,654 Ratings & 1,134 Reviews"
itel Power200,"₹1,319",23 Ratings & 5 Reviews
GFive C3 Card,₹999,329 Ratings & 18 Reviews
"OnePlus Nord 2T 5G (Gray Shadow, 128 GB)","₹27,999","7,161 Ratings & 631 Reviews"
KARBONN K9 Yuva,"₹1,348",715 Ratings & 50 Reviews
"POCO X4 Pro 5G (Yellow, 64 GB)","₹16,499","82,855 Ratings & 8,166 Reviews"
"SAMSUNG Galaxy A14 5G (Dark Red, 128 GB)","₹20,999",657 Ratings & 66 Reviews
A10E,"₹1,409",34 Ratings & 2 Reviews
"REDMI Note 11 (Horizon Blue, 64 GB)","₹13,197","1,847 Ratings & 142 Reviews"
"Infinix Hot 12 Pro (Electric Blue, 64 GB)","₹9,999","10,550 Ratings & 624 Reviews"
"Infinix Hot 12 Pro (Racing Black, 64 GB)","₹9,999","10,550 Ratings & 624 Reviews"
"Infinix Hot 12 Pro (Halo White, 64 GB)","₹9,999","10,550 Ratings & 624 Reviews"
"REDMI 10A (Charcoal Black, 32 GB)","₹7,999","2,350 Ratings & 150 Reviews"
"MOTOROLA g42 (Atlantic Green, 64 GB)","₹10,990","6,821 Ratings & 719 Reviews"
"Tecno Pop 5 Pro (Ice Blue, 32 GB)","₹6,999",551 Ratings & 42 Reviews
"Tecno Pop 6 Pro (Polar Black, 32 GB)","₹6,899",248 Ratings & 13 Reviews
"OnePlus Nord 2T 5G (Gray Shadow, 128 GB)","₹27,999","7,161 Ratings & 631 Reviews"
"IQOO Neo 7 5G (Frost Blue, 128 GB)","₹30,663",122 Ratings & 17 Reviews
"SAMSUNG Galaxy A14 5G (Light Green, 128 GB)","₹18,999","1,059 Ratings & 92 Reviews"
"vivo V27 5G (Magic Blue, 256 GB)","₹36,999","1,287 Ratings & 166 Reviews"
"Infinix HOT 12 Play (Racing Black, 64 GB)","₹8,999","1,15,975 Ratings & 8,410 Reviews"
"Infinix HOT 12 Play (Daylight Green, 64 GB)","₹8,999","1,15,975 Ratings & 8,410 Reviews"
"Infinix HOT 12 Play (Horizon Blue, 64 GB)","₹8,999","1,15,975 Ratings & 8,410 Reviews"
Lvix L1,₹699,18 Ratings & 1 Reviews
"SAMSUNG M53 5G (Deep Ocean Blue, 128 GB)","₹23,290",663 Ratings & 70 Reviews
KARBONN K106s,₹970,35 Ratings & 5 Reviews
"OPPO F21 Pro (Sunset Orange, 128 GB)","₹20,999","4,062 Ratings & 284 Reviews"
"Redmi 9A Sport (Carbon Black, 32 GB)","₹8,490","6,663 Ratings & 478 Reviews"
Kechaoda K28,"₹1,350","2,943 Ratings & 253 Reviews"
"POCO X4 Pro 5G (Yellow, 64 GB)","₹16,499","82,855 Ratings & 8,166 Reviews"
"REDMI Note 12 5G (Mystique Blue, 128 GB)","₹17,388",281 Ratings & 20 Reviews
"SAMSUNG M53 5G (Deep Ocean Blue, 128 GB)","₹23,290",663 Ratings & 70 Reviews
"REDMI Note 12 5G (Mystique Blue, 128 GB)","₹17,388",281 Ratings & 20 Reviews
Lvix L1,₹699,18 Ratings & 1 Reviews
LAVA A5,"₹1,390","12,810 Ratings & 1,190 Reviews"
"SAMSUNG Galaxy A14 5G (Black, 128 GB)","₹20,999",657 Ratings & 66 Reviews
I Kall K29-Pro 4G Phone,"₹1,899",6 Ratings & 0 Reviews
Micromax S 211,"₹1,229",18 Ratings & 0 Reviews
Kechaoda A8,"₹1,499",272 Ratings & 29 Reviews
MTR Ferrari,"₹1,360","6,547 Ratings & 466 Reviews"
Kechaoda K33,"₹1,109","8,639 Ratings & 566 Reviews"
Kechaoda K33,"₹1,119","8,639 Ratings & 566 Reviews"
itel Ace2 Star,₹925,317 Ratings & 21 Reviews
Kechaoda K33,"₹1,109","8,639 Ratings & 566 Reviews"
Kechaoda A20,₹999,344 Ratings & 24 Reviews
"SAMSUNG Galaxy A23 5G (Light Blue, 128 GB)","₹22,999",370 Ratings & 23 Reviews
UiSmart Ui-06,"₹1,570","1,893 Ratings & 179 Reviews"
Nokia 2660 DS 4G Flip,"₹4,872","1,232 Ratings & 91 Reviews"
"Tecno Pop 6 Pro (Polar Black, 32 GB)","₹6,899",248 Ratings & 13 Reviews
"vivo Y75 (Dancing waves, 128 GB)","₹19,990","2,507 Ratings & 189 Reviews"
"IQOO Neo 7 5G (Frost Blue, 256 GB)","₹34,465",47 Ratings & 6 Reviews
"SAMSUNG Galaxy A23 (Peach, 128 GB)","₹17,499",954 Ratings & 64 Reviews
"APPLE iPhone 13 ((PRODUCT)RED, 128 GB)","₹62,999","2,12,726 Ratings & 11,223 Reviews"
"REDMI Note 11T 5G (Aquamarine Blue, 128 GB)","₹17,989",482 Ratings & 28 Reviews
"REDMI Note 9 (Shadow Black, 128 GB)","₹14,999","6,689 Ratings & 442 Reviews"
"realme Narzo 50A Prime (Flash Blue, 64 GB)","₹11,495","1,020 Ratings & 49 Reviews"
"realme NARZO 50A PRIME (FLASH BLUE, 64 GB)","₹10,633","1,020 Ratings & 49 Reviews"
Cellecor R3+,"₹1,049",236 Ratings & 16 Reviews
Cellecor X3,"₹1,105",78 Ratings & 1 Reviews
"vivo Y73 (Roman Black, 128 GB)","₹19,990","10,052 Ratings & 891 Reviews"
"realme Narzo 50A Prime (Flash Black, 64 GB)","₹10,898","1,020 Ratings & 49 Reviews"
Cellecor E10,"₹1,353",68 Ratings & 3 Reviews
Cellecor E7,"₹1,331",24 Ratings & 0 Reviews
KARBONN K9 Punch,"₹1,420",75 Ratings & 3 Reviews
Micromax X379+,"₹1,145",108 Ratings & 5 Reviews
"vivo Y75 (Dancing waves, 128 GB)","₹19,990","2,507 Ratings & 189 Reviews"
"APPLE iPhone 13 ((PRODUCT)RED, 128 GB)","₹62,999","2,12,726 Ratings & 11,223 Reviews"
Cellecor E3,"₹1,061",56 Ratings & 2 Reviews
Cellecor R50,"₹1,456",77 Ratings & 7 Reviews
"SAMSUNG Galaxy A23 (Peach, 128 GB)","₹17,499",954 Ratings & 64 Reviews
"Infinix Hot 12 Pro (Lightsaber Green, 128 GB)","₹12,999","5,115 Ratings & 423 Reviews"
"REDMI Note 9 (Shadow Black, 128 GB)","₹14,999","6,689 Ratings & 442 Reviews"
"REDMI Note 11T 5G (Aquamarine Blue, 128 GB)","₹17,989",482 Ratings & 28 Reviews
"itel Vision3 (Multi Green, 32 GB)","₹5,999",413 Ratings & 28 Reviews
"realme Narzo 50 Pro 5G (Hyper Black, 128 GB)","₹21,890",37 Ratings & 1 Reviews
KARBONN K531,"₹1,434",106 Ratings & 16 Reviews
itel Power 110,"₹1,325",848 Ratings & 63 Reviews
KARBONN K531,"₹1,348",106 Ratings & 16 Reviews
"Infinix Note 12 (Jewel Blue, 64 GB)","₹10,999","26,704 Ratings & 2,614 Reviews"
Good One G5605N,₹999,"1,073 Ratings & 185 Reviews"
"vivo T1X (Gravity Black, 64 GB)","₹16,990","90,237 Ratings & 5,021 Reviews"
"Micromax Bharat 2 Plus (Champagne, 8 GB)","₹3,599","6,980 Ratings & 756 Reviews"
"IQOO Z6 Lite 5G (Without Charger) (Mystic Night, 64 GB)","₹14,495",585 Ratings & 40 Reviews
"IQOO Z6 Lite 5G (Without Charger) (Mystic Night, 128 GB)","₹15,999",964 Ratings & 70 Reviews
Kechaoda K28,"₹1,399","2,943 Ratings & 253 Reviews"
"SAMSUNG Galaxy S22 Plus 5G (Green, 128 GB)","₹54,999","2,934 Ratings & 334 Reviews"
"OnePlus 11 5G (Eternal Green, 128 GB)","₹54,721",98 Ratings & 9 Reviews
"OnePlus 11 5G (Titan Black, 128 GB)","₹53,960",98 Ratings & 9 Reviews
"OnePlus 11 5G (Titan Black, 256 GB)","₹60,685",265 Ratings & 27 Reviews
Kechaoda K28,"₹1,285","2,943 Ratings & 253 Reviews"
Nokia 125 DS 2020,"₹2,345","6,347 Ratings & 415 Reviews"
"OPPO A77s (Sunset Orange, 128 GB)","₹17,999",653 Ratings & 45 Reviews
Snexian Guru Music 1,₹699,"3,336 Ratings & 221 Reviews"
"itel A60 (DawnBlue, 32 GB)","₹5,998",58 Ratings & 6 Reviews
"Infinix Smart 5A (Midnight Black, 32 GB)","₹7,199","79,458 Ratings & 5,389 Reviews"
KARBONN K9,"₹1,370","7,890 Ratings & 653 Reviews"
Kechaoda K9,"₹1,260","2,739 Ratings & 252 Reviews"
Nokia 3310 DS 2020,"₹4,398","35,640 Ratings & 3,595 Reviews"
"Infinix Note 12 (Jewel Blue, 64 GB)","₹10,999","26,704 Ratings & 2,614 Reviews"
Micromax X415,₹955,898 Ratings & 75 Reviews
KARBONN K110i,₹949,212 Ratings & 20 Reviews
GREENBERRI RAFALE,₹899,321 Ratings & 69 Reviews
"Infinix Smart 5A (Quetzal Cyan, 32 GB)","₹7,199","79,458 Ratings & 5,389 Reviews"
Micromax X379+,"₹1,159",108 Ratings & 5 Reviews
MU M5000,"₹1,179","2,503 Ratings & 320 Reviews"
MTR Ferrari,"₹1,360","6,547 Ratings & 466 Reviews"
MTR Ferrari,"₹1,390","6,547 Ratings & 466 Reviews"
"vivo Y565G (Black Engine, 128 GB)","₹19,989",312 Ratings & 21 Reviews
Snexian GURU 106,₹699,"3,023 Ratings & 233 Reviews"
"vivo T1X (Space Blue, 128 GB)","₹12,999","90,237 Ratings & 5,021 Reviews"
Kechaoda K9,"₹1,285","2,739 Ratings & 252 Reviews"
Kechaoda K9,"₹1,299","2,739 Ratings & 252 Reviews"
"MOTOROLA G60 (Moonless, 128 GB)","₹15,999","1,35,617 Ratings & 13,659 Reviews"
itel Power 440,"₹1,519",20 Ratings & 0 Reviews
"SAMSUNG Galaxy A03 Core (Mint, 32 GB)","₹7,099","3,335 Ratings & 279 Reviews"
"SAMSUNG Galaxy S22 Plus 5G (Phantom Black, 128 GB)","₹54,999","2,934 Ratings & 334 Reviews"
"SAMSUNG GALAXY M13 5G (Midnight Blue, 64 GB)","₹12,699",678 Ratings & 40 Reviews
Kechaoda K6,"₹1,099",708 Ratings & 54 Reviews
"SAMSUNG Galaxy A34 5G (Awesome Silver, 128 GB)","₹30,999",343 Ratings & 29 Reviews
Cellecor C9,₹939,34 Ratings & 1 Reviews
"SAMSUNG Galaxy A03 Core (Black, 32 GB)","₹6,860","3,335 Ratings & 279 Reviews"
"POCO C31 (Shadow Gray, 64 GB)","₹9,499","2,19,552 Ratings & 13,771 Reviews"
"REDMI 10A SPORT (SLATE GREY, 128 GB)","₹10,725","1,106 Ratings & 70 Reviews"
"Infinix Note 12 (Jewel Blue, 128 GB)","₹12,999","13,156 Ratings & 1,244 Reviews"
"Infinix Note 12 (Force Black, 128 GB)","₹12,999","13,156 Ratings & 1,244 Reviews"
"vivo Y33s (Mirror Black, 128 GB)","₹18,990","12,654 Ratings & 1,134 Reviews"
"SAMSUNG GALAXY M13 5G (Aqua Green, 64 GB)","₹13,269",678 Ratings & 40 Reviews
"Infinix Note 12 Pro (Volcanic Grey, 256 GB)","₹16,999","5,377 Ratings & 559 Reviews"
"Infinix Note 12 Pro (Tuscany Blue, 256 GB)","₹16,999","5,377 Ratings & 559 Reviews"
"Infinix Smart 5A (Ocean Wave, 32 GB)","₹7,199","79,458 Ratings & 5,389 Reviews"
"vivo T1 5G (Rainbow Fantasy, 128 GB)","₹16,990","1,73,603 Ratings & 13,980 Reviews"
Kechaoda K28,"₹1,349","2,943 Ratings & 253 Reviews"
"SAMSUNG Galaxy A34 5G (Awesome Graphite, 128 GB)","₹30,999",343 Ratings & 29 Reviews
Kechaoda K33,"₹1,120","8,639 Ratings & 566 Reviews"
itel Power200,"₹1,319",23 Ratings & 5 Reviews
"OPPO A76 (Glowing Blue, 128 GB)","₹16,490",425 Ratings & 29 Reviews
Nokia 2660 TA-1480 DS,"₹4,524",205 Ratings & 10 Reviews
"vivo Y565G (Orange Shimmer, 128 GB)","₹19,945",312 Ratings & 21 Reviews
"REDMI Note 11 SE (Cosmic White, 64 GB)","₹11,499","44,664 Ratings & 2,743 Reviews"
"vivo T1 5G (Starlight Black, 128 GB)","₹19,990","17,403 Ratings & 1,470 Reviews"
Snexian guru,₹699,99 Ratings & 7 Reviews
"MOTOROLA Edge 30 Ultra (Interstellar Black, 256 GB)","₹49,999",433 Ratings & 90 Reviews
itel Power 440,"₹1,519",20 Ratings & 0 Reviews
Kechaoda K10,"₹1,180","14,374 Ratings & 928 Reviews"
Nokia 3310 DS 2020,"₹4,399","35,640 Ratings & 3,595 Reviews"
LAVA A1,"₹1,179","20,463 Ratings & 1,913 Reviews"
"vivo Y73 (Roman Black, 128 GB)","₹17,845","10,052 Ratings & 891 Reviews"
LAVA A9,"₹1,680","8,174 Ratings & 811 Reviews"
"Redmi Note 6 Pro (Black, 64 GB)","₹15,999","6,25,962 Ratings & 53,290 Reviews"
"OPPO A77 (Sky Blue, 64 GB)","₹15,499",649 Ratings & 39 Reviews
"Infinix Smart 6 (Heart Of Ocean, 64 GB)","₹6,999","31,969 Ratings & 2,175 Reviews"
"MOTOROLA Edge 30 Ultra (Interstellar Black, 256 GB)","₹49,999",433 Ratings & 90 Reviews
"SAMSUNG Galaxy A14 5G (Black, 64 GB)","₹16,499",779 Ratings & 53 Reviews
"SAMSUNG Galaxy A34 5G (Awesome Silver, 128 GB)","₹30,999",343 Ratings & 29 Reviews
ANGAGE GABRU,₹699,27 Ratings & 7 Reviews
LAVA A1,"₹1,179","20,463 Ratings & 1,913 Reviews"
"OPPO A76 (Glowing Blue, 128 GB)","₹16,490",425 Ratings & 29 Reviews
I Kall K130,₹737,115 Ratings & 4 Reviews
"Infinix Note 12 (Force Black, 64 GB)","₹10,999","26,704 Ratings & 2,614 Reviews"
"MOTOROLA G60 (Moonless, 128 GB)","₹15,999","1,35,617 Ratings & 13,659 Reviews"
"Redmi Note 6 Pro (Black, 64 GB)","₹15,999","6,25,962 Ratings & 53,290 Reviews"
"REDMI 9 Activ (Coral Green, 64 GB)","₹8,999","10,360 Ratings & 694 Reviews"
"SAMSUNG Galaxy A73 5G (Awesome Gray, 256 GB)","₹42,999","1,554 Ratings & 202 Reviews"
Nokia 3310 DS 2020,"₹4,398","35,640 Ratings & 3,595 Reviews"
itel Magic3 Smart Touch Keypad,"₹1,699","1,315 Ratings & 106 Reviews"
LAVA A1 Super 2021,"₹1,149","2,309 Ratings & 172 Reviews"
I Kall K43,₹899,"4,407 Ratings & 417 Reviews"
"vivo Y21E (Midnight Blue, 64 GB)","₹11,599",308 Ratings & 19 Reviews
"vivo Y21E (Diamond Glow, 64 GB)","₹11,875",308 Ratings & 19 Reviews
KARBONN K531,"₹1,435",106 Ratings & 16 Reviews
"itel A60 (SapphireBlack, 32 GB)","₹5,999",58 Ratings & 6 Reviews
itel Ace2 Star,₹925,317 Ratings & 21 Reviews
"OnePlus Nord CE 2 Lite 5G (Black Dusk, 128 GB)","₹21,934","5,414 Ratings & 447 Reviews"
KARBONN K110i,₹949,212 Ratings & 20 Reviews
"Redmi 10 Prime (Bifrost Blue, 64 GB)","₹12,999",97 Ratings & 7 Reviews
"Realme C30 - Locked with Airtel Prepaid (Denim Black, 32 GB)","₹6,049","49,224 Ratings & 3,069 Reviews"
Nokia 2660 TA-1480 DS,"₹4,524",205 Ratings & 10 Reviews
Good One G5605N,₹999,"1,073 Ratings & 185 Reviews"
Good One G5605N,₹999,"1,073 Ratings & 185 Reviews"
SAREGAMA Carvaan Mobile M21(CM281) with 1500 pre-loaded songs,"₹2,490",131 Ratings & 18 Reviews
LAVA A7 Star,"₹1,449",210 Ratings & 22 Reviews
"Redmi 10 Prime (Phantom Black, 64 GB)","₹12,999",97 Ratings & 7 Reviews
"Infinix Hot 12 Pro (Halo White, 128 GB)","₹12,999","5,115 Ratings & 423 Reviews"
"Infinix Hot 12 Pro (Electric Blue, 128 GB)","₹12,999","5,115 Ratings & 423 Reviews"
"realme narzo 50 5G (Hyper Blue, 128 GB)","₹16,890",146 Ratings & 11 Reviews
"realme narzo 50 5G (Hyper Blue, 128 GB)","₹17,999",89 Ratings & 4 Reviews
Nokia 105,"₹1,448","31,151 Ratings & 2,711 Reviews"
"APPLE iPhone 14 (Starlight, 128 GB)","₹71,999","31,754 Ratings & 1,216 Reviews"
"itel P40 (Dreamy Blue, 64 GB)","₹7,899",13 Ratings & 0 Reviews
"vivo Y100 5G (Metal Black, 128 GB)","₹24,999",934 Ratings & 66 Reviews
"vivo Y100 5G (Pacific Blue, 128 GB)","₹24,999",934 Ratings & 66 Reviews
"vivo Y100 5G (Twilight Gold, 128 GB)","₹24,999",934 Ratings & 66 Reviews
"Redmi Note 6 Pro (Red, 64 GB)","₹17,999","1,27,624 Ratings & 10,906 Reviews"
"Nokia C01 Plus (Blue, 16 GB)","₹5,049","4,901 Ratings & 427 Reviews"
"vivo X90 (Asteroid Black, 256 GB)","₹59,999",64 Ratings & 12 Reviews
"vivo X90 (Breeze Blue, 256 GB)","₹59,999",64 Ratings & 12 Reviews
"Redmi Note 6 Pro (Red, 64 GB)","₹15,999","6,25,962 Ratings & 53,290 Reviews"
"SAMSUNG Galaxy S23 5G (Green, 128 GB)","₹74,999","1,192 Ratings & 190 Reviews"
Nokia 215 4G DS 2020,"₹3,397","2,931 Ratings & 285 Reviews"
Nokia 3310 DS 2020,"₹4,399","35,640 Ratings & 3,595 Reviews"
GFive Mega Music,"₹1,099",36 Ratings & 1 Reviews
SAREGAMA Carvaan Mobile M21(CM281) with 1500 pre-loaded songs,"₹2,490",131 Ratings & 18 Reviews
"realme Narzo N55 (Prime Blue, 128 GB)","₹13,879",44 Ratings & 2 Reviews
"IQOO Z6 Lite 5G (Without Charger) (Stellar Green, 128 GB)","₹17,375",964 Ratings & 70 Reviews
"REDMI 12c (Royal Blue, 128 GB)","₹11,157",100 Ratings & 8 Reviews
"REDMI 12c (Matte Black, 128 GB)","₹11,390",100 Ratings & 8 Reviews
"vivo Y15c (Wave Green, 64 GB)","₹10,990","1,322 Ratings & 93 Reviews"
itel Power 440,"₹1,519",20 Ratings & 0 Reviews
"Infinix Hot 12 Pro (Racing Black, 128 GB)","₹12,999","5,115 Ratings & 423 Reviews"
"SAMSUNG Galaxy A23 5G (Silver, 128 GB)","₹22,999",370 Ratings & 23 Reviews
"Redmi 10 Prime (Phantom Black, 64 GB)","₹12,999",97 Ratings & 7 Reviews
"APPLE iPhone 13 (Green, 256 GB)","₹71,999","2,12,726 Ratings & 11,223 Reviews"
"Moto G71 5G (Neptune Green, 128 GB)","₹16,999","23,435 Ratings & 2,668 Reviews"
MTR S700,"₹1,050",275 Ratings & 26 Reviews
I Kall K130,₹737,115 Ratings & 4 Reviews
Snexian BOLD,"₹1,199","1,273 Ratings & 47 Reviews"
"APPLE iPhone 13 (Blue, 256 GB)","₹71,999","2,12,726 Ratings & 11,223 Reviews"
Snexian ROCK 310,₹699,20 Ratings & 1 Reviews
"IAIR 2G Dual Sim Big Battery ,Camera VGA Video Recording FM Feature Phone","₹1,599",
Kechaoda K28,"₹1,260","2,943 Ratings & 253 Reviews"
Kechaoda 888,"₹1,899",208 Ratings & 15 Reviews
Micromax X702,"₹1,150",327 Ratings & 18 Reviews
"vivo X90 Pro (Legendary Black, 256 GB)","₹84,999",71 Ratings & 23 Reviews
"APPLE iPhone 13 (Starlight, 256 GB)","₹71,999","2,12,726 Ratings & 11,223 Reviews"
KARBONN K140 Pop,"₹1,099","5,392 Ratings & 466 Reviews"
"vivo Y16 (Drizzling Gold, 128 GB)","₹13,490","2,017 Ratings & 119 Reviews"
"vivo Y16 (Stellar Black, 128 GB)","₹12,999","2,017 Ratings & 119 Reviews"
"IQOO Z7 5G (Pacific Night, 128 GB)","₹21,990",33 Ratings & 1 Reviews
"MOTOROLA Edge 30 Ultra (Starlight White, 128 GB)","₹44,999","1,247 Ratings & 231 Reviews"
"SAMSUNG Galaxy S23 5G (Green, 128 GB)","₹74,999","1,192 Ratings & 190 Reviews"
"APPLE iPhone 14 ((PRODUCT)RED, 128 GB)","₹71,999","31,754 Ratings & 1,216 Reviews"
"Micromax IN 2C (Silver, 32 GB)","₹5,999","4,904 Ratings & 523 Reviews"
Nokia 125 DS,"₹2,359",879 Ratings & 59 Reviews
ANGAGE PULSE,"₹1,080",140 Ratings & 31 Reviews
Motorola a10,"₹1,528","7,227 Ratings & 781 Reviews"
"SAMSUNG Galaxy A34 5G (Awesome Lime, 128 GB)","₹30,999",343 Ratings & 29 Reviews
"itel A27 (Deep Grey, 32 GB)","₹5,399",919 Ratings & 63 Reviews
KARBONN K9 Yuva,"₹1,298",715 Ratings & 50 Reviews
"vivo Y73 (Diamond Flare, 128 GB)","₹18,790","10,052 Ratings & 891 Reviews"
itel it2163S,₹995,972 Ratings & 91 Reviews
"realme narzo 50 5G (Hyper Blue, 128 GB)","₹17,999",89 Ratings & 4 Reviews
"OPPO A77s (Starry Black, 128 GB)","₹17,999",653 Ratings & 45 Reviews
"IQOO Z7 5G (Norway Blue, 128 GB)","₹21,990",33 Ratings & 1 Reviews
"realme narzo 50 5G (Hyper Blue, 128 GB)","₹16,890",146 Ratings & 11 Reviews
Nokia 215 4G DS 2020,"₹3,397","2,931 Ratings & 285 Reviews"
Kechaoda K9,"₹1,260","2,739 Ratings & 252 Reviews"
Micromax S 211,"₹1,254",18 Ratings & 0 Reviews
LAVA A7 2020,"₹1,519","1,354 Ratings & 123 Reviews"
"SAMSUNG Galaxy A03 (Black, 32 GB)","₹8,300",864 Ratings & 51 Reviews
KARBONN K110i,₹950,212 Ratings & 20 Reviews
KARBONN K531,"₹1,785",106 Ratings & 16 Reviews
Nokia 110,"₹2,019",74 Ratings & 3 Reviews
"OPPO F21s Pro 5G (Dawnlight Gold, 128 GB)","₹24,589",637 Ratings & 44 Reviews
"realme GT Master Edition (Luna White, 256 GB)","₹29,999","62,257 Ratings & 6,603 Reviews"
"REDMI Note 9 (Aqua Green, 64 GB)","₹12,990","1,24,357 Ratings & 9,416 Reviews"
Cellecor R3+,"₹1,046",236 Ratings & 16 Reviews
"itel Vision3 Turbo (Jewel Blue, 64 GB)","₹6,998",25 Ratings & 1 Reviews
"OnePlus 10R 5G (Forest Green, 256 GB)","₹37,999","1,333 Ratings & 88 Reviews"
itel Power 410,"₹1,499","1,959 Ratings & 179 Reviews"
Nokia 105DS PLUS,"₹1,513",331 Ratings & 22 Reviews
Snexian BOLD,"₹1,199","1,273 Ratings & 47 Reviews"
"vivo T1 5G (Rainbow Fantasy, 128 GB)","₹19,990","17,403 Ratings & 1,470 Reviews"
"SAMSUNG GALAXY M13 5G (Midnight Blue, 128 GB)","₹14,799","1,129 Ratings & 76 Reviews"
Cellecor E8 Plus,"₹1,396",80 Ratings & 2 Reviews
KARBONN K9 Mini,"₹1,089","2,412 Ratings & 140 Reviews"
"POCO X2 (Phoenix Red, 256 GB)","₹19,450","60,931 Ratings & 6,990 Reviews"
Cellecor E8 Plus,"₹1,396",80 Ratings & 2 Reviews
LAVA A9,"₹1,690","8,174 Ratings & 811 Reviews"
Nokia 110 Dual Sim 2022,"₹1,799",195 Ratings & 9 Reviews
KARBONN K9 PUNCH,"₹1,420",25 Ratings & 1 Reviews
MTR S700,"₹1,050",275 Ratings & 26 Reviews
Good One G115,"₹1,199",4 Ratings & 2 Reviews
"REDMI 9 Activ (Carbon Black, 64 GB)","₹9,800","10,360 Ratings & 694 Reviews"
SAREGAMA Carvaan Keypad phone Telugu M21,"₹2,490",
MU M5000,"₹1,199","2,503 Ratings & 320 Reviews"
"itel A25 New (Crystal Blue, 16 GB)","₹4,299",
"itel A25 New (Starry Black, 16 GB)","₹4,299",
"realme GT Neo 3T (Dash Yellow, 128 GB)","₹29,999","16,039 Ratings & 1,761 Reviews"
"Nokia G21 (Dusk, 64 GB)","₹12,499",266 Ratings & 48 Reviews
"Infinix Hot 11 (Silver Wave, 64 GB)","₹9,999","16,345 Ratings & 1,383 Reviews"
"Infinix Hot 11 (Emerald Green, 64 GB)","₹9,999","16,345 Ratings & 1,383 Reviews"
"APPLE iPhone 14 Plus (Starlight, 128 GB)","₹80,999","9,706 Ratings & 588 Reviews"
"Infinix Hot 11S (Silver Wave, 128 GB)","₹11,999","50,192 Ratings & 5,307 Reviews"
"Infinix Hot 11S (Green Wave, 128 GB)","₹11,999","50,192 Ratings & 5,307 Reviews"
"SAMSUNG Galaxy A04e (Light Blue, 64 GB)","₹9,999",52 Ratings & 4 Reviews
"MOTOROLA Edge 30 Ultra (Starlight White, 256 GB)","₹49,999",433 Ratings & 90 Reviews
"OPPO F21s Pro 5G (Starlight Black, 128 GB)","₹24,450",637 Ratings & 44 Reviews
LAVA A9,"₹1,670","8,174 Ratings & 811 Reviews"
SAREGAMA Carvaan Mobile Hindi Don M12 with 1000 Pre-Loaded Songs,"₹1,750",13 Ratings & 4 Reviews
SAREGAMA Carvaan Mobile Hindi Don M12 with 1000 Pre-Loaded Songs,"₹1,750",
Motorola a70,"₹1,999","1,198 Ratings & 130 Reviews"
"OnePlus 11R 5G (Galactic Silver, 256 GB)","₹44,675",995 Ratings & 87 Reviews
Peace P1,₹749,"1,738 Ratings & 206 Reviews"
LAVA A1 super,"₹1,230","2,659 Ratings & 199 Reviews"
"Micromax IN 2C (Brown, 32 GB)","₹5,999","4,904 Ratings & 523 Reviews"
